-- phpMyAdmin SQL Dump
-- version 5.2.0
-- https://www.phpmyadmin.net/
--
-- Host: localhost:3306
-- Generation Time: Jun 28, 2024 at 02:24 AM
-- Server version: 8.0.30
-- PHP Version: 8.3.7

SET SQL_MODE = "NO_AUTO_VALUE_ON_ZERO";
START TRANSACTION;
SET time_zone = "+00:00";


/*!40101 SET @OLD_CHARACTER_SET_CLIENT=@@CHARACTER_SET_CLIENT */;
/*!40101 SET @OLD_CHARACTER_SET_RESULTS=@@CHARACTER_SET_RESULTS */;
/*!40101 SET @OLD_COLLATION_CONNECTION=@@COLLATION_CONNECTION */;
/*!40101 SET NAMES utf8mb4 */;

--
-- Database: `biznews`
--

-- --------------------------------------------------------

--
-- Table structure for table `articles`
--

CREATE TABLE `articles` (
  `id` int NOT NULL,
  `title` varchar(255) NOT NULL,
  `content` text NOT NULL,
  `author_id` int DEFAULT NULL,
  `category_id` int NOT NULL,
  `image` varchar(100) DEFAULT NULL,
  `created_at` timestamp NULL DEFAULT CURRENT_TIMESTAMP,
  `updated_at` timestamp NULL DEFAULT CURRENT_TIMESTAMP ON UPDATE CURRENT_TIMESTAMP
) ENGINE=InnoDB DEFAULT CHARSET=utf8mb4 COLLATE=utf8mb4_0900_ai_ci;

--
-- Dumping data for table `articles`
--

INSERT INTO `articles` (`id`, `title`, `content`, `author_id`, `category_id`, `image`, `created_at`, `updated_at`) VALUES
(45, 'Vì sao ngân hàng không mua vàng từ người dân?', '<?xml encoding=\"utf-8\" ?><div class=\"article__sapo cms-desc\" style=\'font-size: 1.8rem; font-weight: 600; margin-top: 1.2rem; color: rgb(59, 61, 63); font-family: arial, -apple-system, BlinkMacSystemFont, \"Segoe UI\", Roboto, \"Helvetica Neue\", Arial, sans-serif, \"Apple Color Emoji\", \"Segoe UI Emoji\", \"Segoe UI Symbol\", \"Noto Color Emoji\";\'>TPO - 4 ng&acirc;n h&agrave;ng qu&#7889;c doanh s&#7869; b&aacute;n v&agrave;ng mi&#7871;ng SJC t&#7915; chi&#7873;u mai (3/6) nh&#432;ng s&#7869; ch&#7881; b&aacute;n m&agrave; kh&ocirc;ng mua l&#7841;i khi ng&#432;&#7901;i d&acirc;n c&oacute; nhu c&#7847;u b&aacute;n ra ho&#7863;c ch&#7889;t l&#7901;i. C&aacute;c ng&acirc;n h&agrave;ng kh&#7859;ng &#273;&#7883;nh, vi&#7879;c b&aacute;n v&agrave;ng &#273;&#7875; t&#259;ng cung v&agrave; gi&#7843;m ch&ecirc;nh l&#7879;ch v&#7899;i gi&aacute; th&#7871; gi&#7899;i ch&#7913; kh&ocirc;ng kinh doanh &#273;&#7875; h&#432;&#7903;ng l&#7907;i nhu&#7853;n.</div><p style=\'font-size: 18px; line-height: 1.5; color: rgb(52, 58, 64); font-family: arial, -apple-system, BlinkMacSystemFont, \"Segoe UI\", Roboto, \"Helvetica Neue\", Arial, sans-serif, \"Apple Color Emoji\", \"Segoe UI Emoji\", \"Segoe UI Symbol\", \"Noto Color Emoji\";\'></p><p style=\"margin: 1.6rem auto 0px; text-align: justify;\"><span style=\"font-weight: bolder; margin: 1.6rem auto 0px;\">M&#7909;c ti&ecirc;u&nbsp;<a href=\"https://tienphong.vn/tag/b%c3%acnh+%e1%bb%95n.tpo\" title=\"b&igrave;nh &#7893;n\" style=\"color: rgb(165, 10, 2); transition: all 0.1s ease-in-out 0s;\">b&igrave;nh &#7893;n</a>&nbsp;<a href=\"https://tienphong.vn/tag/th%e1%bb%8b+tr%c6%b0%e1%bb%9dng.tpo\" title=\"th&#7883; tr&#432;&#7901;ng\" style=\"color: rgb(165, 10, 2); transition: all 0.1s ease-in-out 0s;\">th&#7883; tr&#432;&#7901;ng</a></span></p><p style=\"margin: 1.6rem auto 0px; text-align: justify;\"><span style=\"text-size-adjust: 100%;\">B&#7889;n&nbsp;</span><a href=\"https://tienphong.vn/nguoi-mua-vang-lo-nang-post1642476.tpo\" style=\"color: rgb(165, 10, 2); transition: all 0.1s ease-in-out 0s; text-size-adjust: 100%;\">ng&acirc;n h&agrave;ng qu&#7889;c doanh</a><span style=\"text-size-adjust: 100%;\">(Vietcombank, BIDV, Agribank, Vietinbank) s&#7869;&nbsp;<a href=\"https://tienphong.vn/tag/b%c3%a1n+v%c3%a0ng.tpo\" title=\"b&aacute;n v&agrave;ng\" style=\"color: rgb(165, 10, 2); transition: all 0.1s ease-in-out 0s;\">b&aacute;n v&agrave;ng</a>&nbsp;mi&#7871;ng b&igrave;nh &#7893;n ra th&#7883; tr&#432;&#7901;ng t&#7841;i m&#7897;t s&#7889; chi nh&aacute;nh &#7903; H&agrave; N&#7897;i v&agrave; TPHCM t&#7915; chi&#7873;u mai. Vi&#7879;c m&#7903; r&#7897;ng m&#7841;ng l&#432;&#7899;i ph&acirc;n ph&#7889;i t&#7841;i c&aacute;c t&#7881;nh, th&agrave;nh kh&aacute;c s&#7869; &#273;&#432;&#7907;c tri&#7875;n khai sau. Tuy nhi&ecirc;n, c&aacute;c nh&agrave; b&#259;ng n&agrave;y ch&#7881; b&aacute;n v&agrave;ng ra, kh&ocirc;ng th&#7921;c hi&#7879;n mua l&#7841;i t&#7915; ng&#432;&#7901;i d&acirc;n.</span></p><p style=\"margin: 1.6rem auto 0px; text-align: justify;\">N&#7871;u mu&#7889;n b&aacute;n v&agrave;ng, ng&#432;&#7901;i d&acirc;n c&oacute; th&#7875; &#273;&#7871;n c&aacute;c doanh nghi&#7879;p kinh doanh v&agrave;ng nh&#432; SJC, Doji, PNJ...</p><p style=\"margin: 1.6rem auto 0px; text-align: justify;\">L&yacute; gi&#7843;i v&#7873; vi&#7879;c v&igrave; sao ng&acirc;n h&agrave;ng th&#432;&#417;ng m&#7841;i nh&agrave; n&#432;&#7899;c ch&#7881; th&#7921;c hi&#7879;n b&aacute;n v&agrave;ng mi&#7871;ng ch&#7913; kh&ocirc;ng mua, b&agrave; Nguy&#7877;n Th&#7883; Ph&#432;&#7907;ng - Ph&oacute; T&#7893;ng Gi&aacute;m &#273;&#7889;c Agribank - cho bi&#7871;t, ngay t&#7915; &#273;&#7847;u&nbsp;<a href=\"https://tienphong.vn/nguoi-mua-vang-lo-nang-post1642476.tpo\" style=\"color: rgb(165, 10, 2); transition: all 0.1s ease-in-out 0s;\">Ng&acirc;n h&agrave;ng Nh&agrave; n&#432;&#7899;c</a>&nbsp;&#273;&atilde; kh&#7859;ng &#273;&#7883;nh vi&#7879;c b&aacute;n v&agrave;ng th&ocirc;ng qua 4 ng&acirc;n h&agrave;ng qu&#7889;c doanh nh&#7857;m m&#7909;c &#273;&iacute;ch b&igrave;nh &#7893;n th&#7883; tr&#432;&#7901;ng, qua &#273;&oacute; k&eacute;o gi&#7843;m ch&ecirc;nh l&#7879;ch gi&#7919;a v&agrave;ng mi&#7871;ng SJC v&agrave; gi&aacute; v&agrave;ng th&#7871; gi&#7899;i, ch&#7913; kh&ocirc;ng ph&#7843;i ho&#7841;t &#273;&#7897;ng kinh doanh.</p><p style=\"margin: 1.6rem auto 0px; text-align: justify;\"><img src=\"http://localhost/biznews_rebuild/public/uploads/image/1717312205-665c1acd823d6.png\" style=\"width: 1027.48px; height: 684.981px;\" data-filename=\"a-4727.png\"></p><p style=\'font-size: 18px; line-height: 1.5; color: rgb(52, 58, 64); font-family: arial, -apple-system, BlinkMacSystemFont, \"Segoe UI\", Roboto, \"Helvetica Neue\", Arial, sans-serif, \"Apple Color Emoji\", \"Segoe UI Emoji\", \"Segoe UI Symbol\", \"Noto Color Emoji\";\'></p><ol></ol><p style=\"margin-top: 1.6rem; margin-right: auto; margin-bottom: 0px; text-align: justify;\"><span style=\"color: rgb(59, 61, 63); font-size: 16px; text-align: center;\">&nbsp; &nbsp; &nbsp; &nbsp; &nbsp; &nbsp; &nbsp; &nbsp; &nbsp; &nbsp; &nbsp; &nbsp; &nbsp; &nbsp; &nbsp; &nbsp; &nbsp; &nbsp; &nbsp; &nbsp; &nbsp; &nbsp; &nbsp; &nbsp; &nbsp; &nbsp; &nbsp; &nbsp; &nbsp; &nbsp; &nbsp; &nbsp; &nbsp; &nbsp; &nbsp; &nbsp; &nbsp; &nbsp; &nbsp; &nbsp; &nbsp; &nbsp; &nbsp;4 ng&acirc;n h&agrave;ng qu&#7889;c doanh b&aacute;n v&agrave;ng t&#7841;i m&#7897;t s&#7889; chi nh&aacute;nh &#7903; H&agrave; N&#7897;i v&agrave; TPHCM.</span></p><p style=\'margin: 1.6rem auto 0px; color: rgb(52, 58, 64); font-family: arial, -apple-system, BlinkMacSystemFont, \"Segoe UI\", Roboto, \"Helvetica Neue\", Arial, sans-serif, \"Apple Color Emoji\", \"Segoe UI Emoji\", \"Segoe UI Symbol\", \"Noto Color Emoji\"; font-size: 18px; text-align: justify;\'>V&#7899;i ho&#7841;t &#273;&#7897;ng kinh doanh s&#7869; c&oacute; c&#7843; chi&#7873;u mua v&agrave; b&aacute;n, nh&#432;ng ho&#7841;t &#273;&#7897;ng cung &#7913;ng c&#7847;n &#273;&#432;&#7907;c hi&#7875;u l&agrave; ho&#7841;t &#273;&#7897;ng can thi&#7879;p m&#7897;t chi&#7873;u &#273;&#7875; b&igrave;nh &#7893;n gi&aacute; v&agrave;ng tr&ecirc;n th&#7883; tr&#432;&#7901;ng.</p><p style=\'margin: 1.6rem auto 0px; color: rgb(52, 58, 64); font-family: arial, -apple-system, BlinkMacSystemFont, \"Segoe UI\", Roboto, \"Helvetica Neue\", Arial, sans-serif, \"Apple Color Emoji\", \"Segoe UI Emoji\", \"Segoe UI Symbol\", \"Noto Color Emoji\"; font-size: 18px; text-align: justify;\'>\"C&#7847;n hi&#7875;u r&otilde; r&#7857;ng nh&#7919;ng &#273;&#7883;a &#273;i&#7875;m b&aacute;n&nbsp;<a href=\"https://tienphong.vn/nguoi-mua-vang-lo-nang-post1642476.tpo\" style=\"color: rgb(165, 10, 2); transition: all 0.1s ease-in-out 0s;\">v&agrave;ng mi&#7871;ng SJC</a>&nbsp;t&#7841;i Agribank n&oacute;i ri&ecirc;ng v&agrave; c&#7911;a b&#7889;n ng&acirc;n h&agrave;ng th&#432;&#417;ng m&#7841;i nh&agrave; n&#432;&#7899;c n&oacute;i chung ch&#7881; l&agrave; &#273;i&#7875;m cung &#7913;ng v&agrave;ng mi&#7871;ng, ch&#7913; kh&ocirc;ng ph&#7843;i &#273;&#7883;a &#273;i&#7875;m kinh doanh mua - b&aacute;n v&agrave;ng mi&#7871;ng\", b&agrave; Ph&#432;&#7907;ng nh&#7845;n m&#7841;nh.</p><p style=\'margin: 1.6rem auto 0px; color: rgb(52, 58, 64); font-family: arial, -apple-system, BlinkMacSystemFont, \"Segoe UI\", Roboto, \"Helvetica Neue\", Arial, sans-serif, \"Apple Color Emoji\", \"Segoe UI Emoji\", \"Segoe UI Symbol\", \"Noto Color Emoji\"; font-size: 18px; text-align: justify;\'>&#272;&#7841;i di&#7879;n m&#7897;t ng&acirc;n h&agrave;ng qu&#7889;c doanh cho hay, h&#7885; d&#7921; ki&#7871;n b&aacute;n ra th&#7883; tr&#432;&#7901;ng theo m&#7913;c gi&aacute; n&#7857;m trong bi&ecirc;n &#273;&#7897; &#273;&#432;&#7907;c Ng&acirc;n h&agrave;ng Nh&agrave; n&#432;&#7899;c cho ph&eacute;p.</p><p style=\'margin: 1.6rem auto 0px; color: rgb(52, 58, 64); font-family: arial, -apple-system, BlinkMacSystemFont, \"Segoe UI\", Roboto, \"Helvetica Neue\", Arial, sans-serif, \"Apple Color Emoji\", \"Segoe UI Emoji\", \"Segoe UI Symbol\", \"Noto Color Emoji\"; font-size: 18px; text-align: justify;\'>C&aacute;c nh&agrave; b&#259;ng qu&#7889;c doanh kh&#7859;ng &#273;&#7883;nh vi&#7879;c b&aacute;n v&agrave;ng nh&#7857;m th&#7921;c hi&#7879;n m&#7909;c ti&ecirc;u \"b&igrave;nh &#7893;n\" th&#7883; tr&#432;&#7901;ng theo ch&#7911; tr&#432;&#417;ng c&#7911;a Ng&acirc;n h&agrave;ng Nh&agrave; n&#432;&#7899;c, kh&ocirc;ng v&igrave; m&#7909;c ti&ecirc;u l&#7907;i nhu&#7853;n.</p><p style=\'margin: 1.6rem auto 0px; color: rgb(52, 58, 64); font-family: arial, -apple-system, BlinkMacSystemFont, \"Segoe UI\", Roboto, \"Helvetica Neue\", Arial, sans-serif, \"Apple Color Emoji\", \"Segoe UI Emoji\", \"Segoe UI Symbol\", \"Noto Color Emoji\"; font-size: 18px; text-align: justify;\'>Chuy&ecirc;n gia t&agrave;i ch&iacute;nh Nguy&#7877;n &#272;&#7913;c H&ugrave;ng Linh cho hay, Ng&acirc;n h&agrave;ng Nh&agrave; n&#432;&#7899;c b&aacute;n v&agrave;ng b&igrave;nh &#7893;n th&ocirc;ng qua 4 ng&acirc;n h&agrave;ng qu&#7889;c doanh &#273;&#7875; t&#259;ng cung, gi&#7843;m ch&ecirc;nh l&#7879;ch gi&aacute; b&aacute;n trong n&#432;&#7899;c v&agrave; th&#7871; gi&#7899;i. M&#7909;c &#273;&iacute;ch ch&iacute;nh l&agrave; b&aacute;n, kh&ocirc;ng c&oacute; m&#7909;c &#273;&iacute;ch mua l&#7841;i.</p><p style=\'margin: 1.6rem auto 0px; color: rgb(52, 58, 64); font-family: arial, -apple-system, BlinkMacSystemFont, \"Segoe UI\", Roboto, \"Helvetica Neue\", Arial, sans-serif, \"Apple Color Emoji\", \"Segoe UI Emoji\", \"Segoe UI Symbol\", \"Noto Color Emoji\"; font-size: 18px; text-align: justify;\'>&ldquo;Ai c&oacute; nhu c&#7847;u mua ch&iacute;nh &#273;&aacute;ng nh&#432; t&iacute;ch tr&#7919;, cho t&#7863;ng c&oacute; th&#7875; &#273;&#7871;n c&aacute;c ng&acirc;n h&agrave;ng th&#432;&#417;ng m&#7841;i nh&agrave; n&#432;&#7899;c &#273;&#432;&#7907;c ch&#7881; &#273;&#7883;nh &#273;&#7875; mua, c&oacute; th&#7875; mua &#273;&#432;&#7907;c gi&aacute; t&#7889;t h&#417;n gi&aacute; b&aacute;n &#7903; c&#7917;a h&agrave;ng ngo&agrave;i. Khi gi&aacute; b&aacute;n t&#7915; ng&acirc;n h&agrave;ng th&#7845;p h&#417;n, th&#7883; tr&#432;&#7901;ng t&#7921; ph&#7843;i gi&#7843;m gi&aacute;. Gi&#7843;m gi&aacute; ch&iacute;nh l&agrave; b&igrave;nh &#7893;n, m&#7909;c &#273;&iacute;ch k&eacute;o gi&#7843;m ch&ecirc;nh l&#7879;ch coi nh&#432; &#273;&#7841;t&rdquo;, &ocirc;ng Linh n&oacute;i.</p><p style=\'margin: 1.6rem auto 0px; color: rgb(52, 58, 64); font-family: arial, -apple-system, BlinkMacSystemFont, \"Segoe UI\", Roboto, \"Helvetica Neue\", Arial, sans-serif, \"Apple Color Emoji\", \"Segoe UI Emoji\", \"Segoe UI Symbol\", \"Noto Color Emoji\"; font-size: 18px; text-align: justify;\'>&Ocirc;ng Linh cho bi&#7871;t c&aacute;c ng&acirc;n h&agrave;ng th&#432;&#417;ng m&#7841;i nh&agrave; n&#432;&#7899;c m&agrave; kh&ocirc;ng mua, ng&#432;&#7901;i d&acirc;n c&oacute; th&#7875; b&aacute;n cho nh&#7919;ng ai mu&#7889;n mua ho&#7863;c cho c&aacute;c c&ocirc;ng ty v&agrave; c&#7917;a h&agrave;ng v&agrave;ng th&ocirc;ng th&#432;&#7901;ng. V&agrave;ng mi&#7871;ng SJC c&oacute; l&#7907;i th&#7871; l&agrave; &#273;&#432;&#7907;c &#273;&#7843;m b&#7843;o b&#7903;i th&#432;&#417;ng hi&#7879;u v&agrave; ch&#7845;t l&#432;&#7907;ng, c&oacute; thanh kho&#7843;n t&#7889;t nh&#7845;t th&#7883; tr&#432;&#7901;ng.</p><p style=\'margin: 1.6rem auto 0px; color: rgb(52, 58, 64); font-family: arial, -apple-system, BlinkMacSystemFont, \"Segoe UI\", Roboto, \"Helvetica Neue\", Arial, sans-serif, \"Apple Color Emoji\", \"Segoe UI Emoji\", \"Segoe UI Symbol\", \"Noto Color Emoji\"; font-size: 18px; text-align: justify;\'><span style=\"font-weight: bolder; margin: 1.6rem auto 0px;\">Sau 3 ng&agrave;y, gi&aacute; v&agrave;ng mi&#7871;ng gi&#7843;m g&#7847;n 8 tri&#7879;u &#273;&#7891;ng/l&#432;&#7907;ng</span></p><p style=\'margin: 1.6rem auto 0px; color: rgb(52, 58, 64); font-family: arial, -apple-system, BlinkMacSystemFont, \"Segoe UI\", Roboto, \"Helvetica Neue\", Arial, sans-serif, \"Apple Color Emoji\", \"Segoe UI Emoji\", \"Segoe UI Symbol\", \"Noto Color Emoji\"; font-size: 18px; text-align: justify;\'>C&ocirc;ng ty V&agrave;ng b&#7841;c &#273;&aacute; qu&yacute; S&agrave;i G&ograve;n s&aacute;ng nay ni&ecirc;m y&#7871;t gi&aacute; v&agrave;ng SJC 81 - 83 tri&#7879;u &#273;&#7891;ng/l&#432;&#7907;ng mua v&agrave;o - b&aacute;n ra, gi&#7843;m 1 tri&#7879;u &#273;&#7891;ng/l&#432;&#7907;ng so v&#7899;i h&ocirc;m qua.</p><p style=\'margin: 1.6rem auto 0px; color: rgb(52, 58, 64); font-family: arial, -apple-system, BlinkMacSystemFont, \"Segoe UI\", Roboto, \"Helvetica Neue\", Arial, sans-serif, \"Apple Color Emoji\", \"Segoe UI Emoji\", \"Segoe UI Symbol\", \"Noto Color Emoji\"; font-size: 18px; text-align: justify;\'>T&#7841;i c&aacute;c th&#432;&#417;ng hi&#7879;u kh&aacute;c, gi&aacute; v&agrave;ng c&#361;ng gi&#7843;m t&#432;&#417;ng &#7913;ng. Ri&ecirc;ng T&#7853;p &#273;o&agrave;n Doji ni&ecirc;m y&#7871;t gi&aacute; v&agrave;ng mi&#7871;ng SJC 80,95 - 82,75 tri&#7879;u &#273;&#7891;ng/l&#432;&#7907;ng mua v&agrave;o - b&aacute;n ra.</p><p style=\'margin: 1.6rem auto 0px; color: rgb(52, 58, 64); font-family: arial, -apple-system, BlinkMacSystemFont, \"Segoe UI\", Roboto, \"Helvetica Neue\", Arial, sans-serif, \"Apple Color Emoji\", \"Segoe UI Emoji\", \"Segoe UI Symbol\", \"Noto Color Emoji\"; font-size: 18px; text-align: justify;\'>Nh&#432; v&#7853;y, sau 3 ng&agrave;y, gi&aacute; v&agrave;ng mi&#7871;ng gi&#7843;m g&#7847;n 8 tri&#7879;u &#273;&#7891;ng/l&#432;&#7907;ng. So v&#7899;i gi&aacute; &#273;&#7881;nh c&aacute;ch &#273;&acirc;y 3 tu&#7847;n, gi&aacute; v&agrave;ng mi&#7871;ng gi&#7843;m g&#7847;n 10 tri&#7879;u &#273;&#7891;ng/l&#432;&#7907;ng.</p><p style=\'margin: 1.6rem auto 0px; color: rgb(52, 58, 64); font-family: arial, -apple-system, BlinkMacSystemFont, \"Segoe UI\", Roboto, \"Helvetica Neue\", Arial, sans-serif, \"Apple Color Emoji\", \"Segoe UI Emoji\", \"Segoe UI Symbol\", \"Noto Color Emoji\"; font-size: 18px; text-align: justify;\'>&#272;&agrave; gi&#7843;m m&#7841;nh c&#7911;a gi&aacute; v&agrave;ng mi&#7871;ng khi Ng&acirc;n h&agrave;ng Nh&agrave; n&#432;&#7899;c thay &#273;&#7893;i c&aacute;ch b&igrave;nh &#7893;n th&#7883; tr&#432;&#7901;ng.</p><p style=\'margin: 1.6rem auto 0px; color: rgb(52, 58, 64); font-family: arial, -apple-system, BlinkMacSystemFont, \"Segoe UI\", Roboto, \"Helvetica Neue\", Arial, sans-serif, \"Apple Color Emoji\", \"Segoe UI Emoji\", \"Segoe UI Symbol\", \"Noto Color Emoji\"; font-size: 18px; text-align: justify;\'>C&#417; quan qu&#7843;n l&yacute; tr&#432;&#7899;c &#273;&oacute; &#273;&atilde; t&#7893; ch&#7913;c&nbsp;<a href=\"https://tienphong.vn/nguoi-mua-vang-lo-nang-post1642476.tpo\" style=\"color: rgb(165, 10, 2); transition: all 0.1s ease-in-out 0s;\">&#273;&#7845;u th&#7847;u&nbsp;</a>&#273;&#7875; t&#259;ng cung v&agrave;ng mi&#7871;ng, nh&#7857;m h&#7841; ch&ecirc;nh l&#7879;ch gi&aacute; so v&#7899;i th&#7871; gi&#7899;i. Sau 9 phi&ecirc;n &#273;&#7845;u th&#7847;u, Ng&acirc;n h&agrave;ng Nh&agrave; n&#432;&#7899;c cung &#7913;ng ra th&#7883; tr&#432;&#7901;ng 48.500 l&#432;&#7907;ng v&agrave;ng SJC, t&#432;&#417;ng &#273;&#432;&#417;ng h&#417;n 1,8 t&#7845;n v&agrave;ng.</p><p style=\'margin: 1.6rem auto 0px; color: rgb(52, 58, 64); font-family: arial, -apple-system, BlinkMacSystemFont, \"Segoe UI\", Roboto, \"Helvetica Neue\", Arial, sans-serif, \"Apple Color Emoji\", \"Segoe UI Emoji\", \"Segoe UI Symbol\", \"Noto Color Emoji\"; font-size: 18px; text-align: justify;\'>Tuy nhi&ecirc;n, sau m&#7897;t th&aacute;ng &#273;&#7845;u th&#7847;u, m&#7909;c ti&ecirc;u \"h&#7841; nhi&#7879;t\" gi&aacute; v&agrave;ng mi&#7871;ng ch&#432;a &#273;&#7841;t &#273;&#432;&#7907;c. Ng&acirc;n h&agrave;ng Nh&agrave; n&#432;&#7899;c sau &#273;&oacute; ph&#7843;i d&#7915;ng &#273;&#7845;u th&#7847;u, chuy&#7875;n sang ph&#432;&#417;ng ph&aacute;p b&aacute;n v&agrave;ng tr&#7921;c ti&#7871;p cho 4 ng&acirc;n h&agrave;ng qu&#7889;c doanh.</p><p style=\"margin-top: 1.6rem; margin-right: auto; margin-bottom: 0px; text-align: justify;\"><br></p>\n', 13, 31, '1717312205.png', '2024-06-02 07:10:05', '2024-06-02 07:10:05'),
(46, 'Angela Phương Trinh phát ngôn trên mạng xã hội, Sở TT&TT TPHCM vào cuộc', '<?xml encoding=\"utf-8\" ?><p></p><div itemprop=\"articleBody\" class=\"art-content content-visibility-lazy\" style=\"box-sizing: inherit; margin: 0px; padding: 0px; border: 0px; font-variant-numeric: inherit; font-variant-east-asian: inherit; font-variant-alternates: inherit; font-variant-position: inherit; font-stretch: inherit; line-height: inherit; font-optical-sizing: inherit; font-kerning: inherit; font-feature-settings: inherit; font-variation-settings: inherit; vertical-align: baseline; content-visibility: auto; orphans: 2; text-align: start; text-indent: 0px; widows: 2;\"><p style=\"font-variant-alternates: inherit; font-variant-numeric: inherit; font-variant-east-asian: inherit; font-variant-position: inherit; box-sizing: inherit; margin: 20px 0px 0px; padding: 0px; border: 0px; font-stretch: inherit; line-height: 1.6; font-optical-sizing: inherit; font-kerning: inherit; font-feature-settings: inherit; font-variation-settings: inherit; vertical-align: baseline; overflow-wrap: break-word; position: relative;\"><span style=\"font-family: Arial;\">G&#7847;n &#273;&acirc;y, t&agrave;i kho&#7843;n&nbsp;</span><a href=\"https://www.saostar.vn/tag/angela-phuong-trinh/\" style=\"font-variant-alternates: inherit; font-variant-numeric: inherit; font-variant-east-asian: inherit; font-variant-position: inherit; box-sizing: inherit; margin: 0px; padding: 0px; border: 0px; font-stretch: inherit; line-height: inherit; font-optical-sizing: inherit; font-kerning: inherit; font-feature-settings: inherit; font-variation-settings: inherit; vertical-align: baseline;\">Angela Ph&#432;&#417;ng Trinh</a><span style=\"font-family: Arial;\">&nbsp;&#273;&#259;ng t&#7843;i m&#7897;t b&agrave;i vi&#7871;t li&ecirc;n quan &#273;&#7871;n v&#7909; vi&#7879;c m&#7897;t ng&#432;&#7901;i &#273;i b&#7897; t&#7915; B&#7855;c v&agrave;o Nam &#273;ang &#273;&#432;&#7907;c d&#432; lu&#7853;n quan t&acirc;m.&nbsp;</span></p><div id=\"ad-single-bottom-2\" class=\"mt-4 text-center\" style=\"font-variant-numeric: inherit; font-variant-east-asian: inherit; font-variant-alternates: inherit; font-variant-position: inherit; font-stretch: inherit; line-height: inherit; font-optical-sizing: inherit; font-kerning: inherit; font-feature-settings: inherit; font-variation-settings: inherit; box-sizing: inherit; margin: 20px 0px 0px; padding: 0px; border: 0px; vertical-align: baseline; text-align: center; overflow: hidden;\"></div><p style=\"font-variant-alternates: inherit; font-variant-numeric: inherit; font-variant-east-asian: inherit; font-variant-position: inherit; box-sizing: inherit; margin: 20px 0px 0px; padding: 0px; border: 0px; font-stretch: inherit; line-height: 1.6; font-optical-sizing: inherit; font-kerning: inherit; font-feature-settings: inherit; font-variation-settings: inherit; vertical-align: baseline; overflow-wrap: break-word; position: relative;\">Trong b&agrave;i vi&#7871;t, n&#7919; di&#7877;n vi&ecirc;n khi&#7871;n nhi&#7873;u netizen kh&oacute; ch&#7883;u, c&#7843;m th&#7845;y kh&ocirc;ng ch&#7845;p nh&#7853;n &#273;&#432;&#7907;c v&igrave; s&#7917; d&#7909;ng ng&ocirc;n t&#7915; gay g&#7855;t, n&#7863;ng n&#7873; v&agrave; h&#7841; th&#7845;p uy t&iacute;n c&#7911;a m&#7897;t s&#7889; c&aacute; nh&acirc;n, t&#7893; ch&#7913;c.&nbsp;</p></div><h2 class=\"art-sapo mt-4 content-visibility-lazy\" style=\'box-sizing: inherit; margin: 20px 0px 0px; padding: 0px; border: 0px; font-variant-numeric: inherit; font-variant-east-asian: inherit; font-variant-alternates: inherit; font-variant-position: inherit; font-weight: 700; font-stretch: inherit; font-size: 1.8em; line-height: 1.6; font-optical-sizing: inherit; font-kerning: inherit; font-feature-settings: inherit; font-variation-settings: inherit; vertical-align: baseline; content-visibility: auto; opacity: 0.8; color: rgb(29, 35, 46); font-family: \"Noto Serif\", serif !important;\'>Chia s&#7867; c&#7911;a Angela Ph&#432;&#417;ng Trinh hi&#7879;n g&acirc;y nhi&#7873;u tranh c&atilde;i tr&ecirc;n m&#7841;ng x&atilde; h&#7897;i.</h2><p style=\'box-sizing: inherit; margin: 20px 0px 0px; padding: 0px; border: 0px; font-variant-numeric: inherit; font-variant-east-asian: inherit; font-variant-alternates: inherit; font-variant-position: inherit; font-stretch: inherit; font-size: 1.8em; line-height: 1.6; font-optical-sizing: inherit; font-kerning: inherit; font-feature-settings: inherit; font-variation-settings: inherit; vertical-align: baseline; content-visibility: auto; opacity: 0.8; color: rgb(29, 35, 46); font-family: \"Noto Serif\", serif !important;\'><img src=\"http://localhost/biznews_rebuild/public/uploads/image/1717312885-665c1d7530590.jpeg\" style=\"width: 1074.29px; height: 748.92px;\" data-filename=\"x6m84z1ggo1-8pkb3rydvn2-tcg64w9bj13.jpg.jpeg\"></p><p style=\"box-sizing: inherit; margin: 20px 0px 0px; padding: 0px; border: 0px; font-variant-numeric: inherit; font-variant-east-asian: inherit; font-variant-alternates: inherit; font-variant-position: inherit; font-stretch: inherit; line-height: 1.6; font-optical-sizing: inherit; font-kerning: inherit; font-feature-settings: inherit; font-variation-settings: inherit; vertical-align: baseline; overflow-wrap: break-word; position: relative;\">M&#7899;i &#273;&acirc;y, &#273;&#7841;i di&#7879;n S&#7903; TT&amp;TT TPHCM cho bi&#7871;t &#273;&atilde; n&#7855;m th&ocirc;ng tin v&#7873; nh&#7919;ng ph&aacute;t ng&ocirc;n c&#7911;a Angela Ph&#432;&#417;ng Trinh v&agrave; s&#7869; x&aacute;c minh, ph&#7843;n h&#7891;i sau. &#272;&#7841;i di&#7879;n S&#7903; VH-TT TPHCM cho bi&#7871;t s&#7869; trao &#273;&#7893;i v&#7899;i S&#7903; TT&amp;TT th&ecirc;m v&#7873; tr&#432;&#7901;ng h&#7907;p c&#7911;a n&#7919; di&#7877;n vi&ecirc;n 9X tr&ecirc;n g&oacute;c &#273;&#7897; chuy&ecirc;n m&ocirc;n v&#259;n h&oacute;a.&nbsp;</p><div id=\"pc-inarticle\" class=\"mt-4 text-center\" style=\"box-sizing: inherit; margin: 20px 0px 0px; padding: 0px; border: 0px; font-variant-numeric: inherit; font-variant-east-asian: inherit; font-variant-alternates: inherit; font-variant-position: inherit; font-stretch: inherit; line-height: inherit; font-optical-sizing: inherit; font-kerning: inherit; font-feature-settings: inherit; font-variation-settings: inherit; vertical-align: baseline;\"></div><p style=\"box-sizing: inherit; margin: 20px 0px 0px; padding: 0px; border: 0px; font-variant-numeric: inherit; font-variant-east-asian: inherit; font-variant-alternates: inherit; font-variant-position: inherit; font-stretch: inherit; line-height: 1.6; font-optical-sizing: inherit; font-kerning: inherit; font-feature-settings: inherit; font-variation-settings: inherit; vertical-align: baseline; overflow-wrap: break-word; position: relative;\">Hi&#7879;n, b&agrave;i &#273;&#259;ng c&#7911;a&nbsp;<a href=\"https://www.saostar.vn/tag/angela-phuong-trinh/\" style=\"box-sizing: inherit; margin: 0px; padding: 0px; border: 0px; font-variant-alternates: inherit; font-variant-numeric: inherit; font-variant-east-asian: inherit; font-variant-position: inherit; font-stretch: inherit; line-height: inherit; font-optical-sizing: inherit; font-kerning: inherit; font-feature-settings: inherit; font-variation-settings: inherit; vertical-align: baseline;\">Angela Ph&#432;&#417;ng Trinh</a>&nbsp;nh&#7853;n v&#7873; nhi&#7873;u l&#432;&#7907;t &ldquo;ph&#7851;n n&#7897;&rdquo; c&#7911;a c&#7897;ng &#273;&#7891;ng m&#7841;ng. Tr&#432;&#7899;c l&agrave;n s&oacute;ng b&#7883; ch&#7881; tr&iacute;ch, n&#7919; di&#7877;n vi&ecirc;n h&#7841;n ch&#7871; t&#432;&#417;ng t&aacute;c &#7903; ph&#7847;n b&igrave;nh lu&#7853;n c&#7911;a m&#7895;i b&agrave;i &#273;&#259;ng.&nbsp;</p><p style=\"box-sizing: inherit; margin: 20px 0px 0px; padding: 0px; border: 0px; font-variant-numeric: inherit; font-variant-east-asian: inherit; font-variant-alternates: inherit; font-variant-position: inherit; font-stretch: inherit; line-height: 1.6; font-optical-sizing: inherit; font-kerning: inherit; font-feature-settings: inherit; font-variation-settings: inherit; vertical-align: baseline; overflow-wrap: break-word; position: relative;\">G&#7847;n &#273;&acirc;y, Angela Ph&#432;&#417;ng Trinh kh&ocirc;ng ho&#7841;t &#273;&#7897;ng ngh&#7879; thu&#7853;t s&ocirc;i n&#7893;i nh&#432; tr&#432;&#7899;c. Thay v&agrave;o &#273;&oacute;, t&ecirc;n tu&#7893;i c&#7911;a c&ocirc; th&#432;&#7901;ng xuy&ecirc;n g&#7855;n li&#7873;n v&#7899;i nh&#7919;ng b&agrave;i &#273;&#259;ng thi&#7871;u ki&#7875;m ch&#7913;ng khoa h&#7885;c ho&#7863;c nh&#7919;ng chia s&#7867; g&acirc;y tranh c&atilde;i tr&ecirc;n m&#7841;ng x&atilde; h&#7897;i.&nbsp;</p><div id=\"pc-inarticle-2\" class=\"mt-4 text-center\" style=\"box-sizing: inherit; margin: 20px 0px 0px; padding: 0px; border: 0px; font-variant-numeric: inherit; font-variant-east-asian: inherit; font-variant-alternates: inherit; font-variant-position: inherit; font-stretch: inherit; line-height: inherit; font-optical-sizing: inherit; font-kerning: inherit; font-feature-settings: inherit; font-variation-settings: inherit; vertical-align: baseline;\"></div><p style=\"box-sizing: inherit; margin: 20px 0px 0px; padding: 0px; border: 0px; font-variant-numeric: inherit; font-variant-east-asian: inherit; font-variant-alternates: inherit; font-variant-position: inherit; font-stretch: inherit; line-height: 1.6; font-optical-sizing: inherit; font-kerning: inherit; font-feature-settings: inherit; font-variation-settings: inherit; vertical-align: baseline; overflow-wrap: break-word; position: relative;\">&#272;i&#7875;n h&igrave;nh, th&aacute;ng 8/2021, c&ocirc; &#273;&#259;ng t&#7843;i chuy&#7879;n Nh&acirc;n qu&#7843; b&#7867; ch&acirc;n nh&aacute;i k&egrave;m h&igrave;nh &#7843;nh c&#7911;a m&#7897;t &#273;&#7913;a b&eacute; b&#7883; khuy&#7871;t t&#7853;t. Th&aacute;ng 10/2021, Angela Ph&#432;&#417;ng Trinh t&#7915;ng b&#7883; ph&#7841;t 7,5 tri&#7879;u &#273;&#7891;ng v&igrave; h&agrave;nh vi cung c&#7845;p th&ocirc;ng tin sai s&#7921; th&#7853;t l&agrave; ch&#7919;a tr&#7883; b&#7879;nh b&#7857;ng giun &#273;&#7845;t.&nbsp;</p><p style=\"box-sizing: inherit; margin: 20px 0px 0px; padding: 0px; border: 0px; font-variant-numeric: inherit; font-variant-east-asian: inherit; font-variant-alternates: inherit; font-variant-position: inherit; font-stretch: inherit; line-height: 1.6; font-optical-sizing: inherit; font-kerning: inherit; font-feature-settings: inherit; font-variation-settings: inherit; vertical-align: baseline; overflow-wrap: break-word; position: relative;\">Angela Ph&#432;&#417;ng Trinh t&ecirc;n th&#7853;t l&agrave; L&ecirc; Ng&#7885;c Ph&#432;&#417;ng Trinh, sinh n&#259;m 1995. C&ocirc; t&#7915;ng &#273;&oacute;ng phim t&#7915; n&#259;m 7 tu&#7893;i khi &#273;&#7843;m nh&#7853;n m&#7897;t vai trong K&iacute;nh V&#7841;n Hoa. N&#259;m 2005, c&ocirc; &#273;&#432;&#7907;c m&#7897;t &#273;&#7841;o di&#7877;n H&agrave;n Qu&#7889;c l&#7921;a ch&#7885;n v&agrave;o vai nh&acirc;n v&#7853;t Vy l&uacute;c nh&#7887; trong phim M&ugrave;i Ng&ograve; Gai. Sau n&agrave;y, n&#7919; di&#7877;n vi&ecirc;n &iacute;t ho&#7841;t &#273;&#7897;ng ngh&#7879; thu&#7853;t nh&#432;ng t&ecirc;n tu&#7893;i v&#7851;n g&acirc;y ch&uacute; &yacute; v&igrave; nhi&#7873;u l&#7847;n ph&aacute;t ng&ocirc;n g&acirc;y tranh c&atilde;i tr&ecirc;n m&#7841;ng x&atilde; h&#7897;i.</p>\n', 13, 33, '1717312885.jpeg', '2024-06-02 07:21:25', '2024-06-02 07:21:25');
INSERT INTO `articles` (`id`, `title`, `content`, `author_id`, `category_id`, `image`, `created_at`, `updated_at`) VALUES
(47, 'Liệu ông Trump có thể trở thành tổng thống Mỹ sau khi bị kết án?', '<?xml encoding=\"utf-8\" ?><h2 class=\"sapo\" style=\"margin-right: 0px; margin-bottom: 10px; margin-left: 0px; padding: 0px; border: 0px; font-variant-numeric: inherit; font-variant-east-asian: inherit; font-variant-alternates: inherit; font-variant-position: inherit; font-weight: bold; font-stretch: inherit; font-size: 18px; line-height: 24px; font-family: Roboto; font-optical-sizing: inherit; font-kerning: inherit; font-feature-settings: inherit; font-variation-settings: inherit; vertical-align: baseline; color: rgb(54, 54, 54);\">Ch&#7881; c&ograve;n v&agrave;i th&aacute;ng n&#7919;a l&agrave; di&#7877;n ra cu&#7897;c b&#7847;u c&#7917; t&#7893;ng th&#7889;ng M&#7929;, nh&#432;ng Donald Trump l&#7841;i &#273;ang \"b&#7853;n l&#7883;ch tr&igrave;nh &#7903; t&ograve;a &aacute;n\". Cho d&ugrave; nh&#7919;ng c&aacute;o bu&#7897;c nh&#7857;m v&agrave;o &ocirc;ng c&oacute; k&#7871;t th&uacute;c th&#7871; n&agrave;o &#273;i ch&#259;ng n&#7919;a, &ocirc;ng Trump v&#7851;n c&oacute; th&#7875; tranh c&#7917; t&#7893;ng th&#7889;ng.</h2><p style=\"margin-right: 0px; margin-bottom: 10px; margin-left: 0px; padding: 0px; border: 0px; font-variant-numeric: inherit; font-variant-east-asian: inherit; font-variant-alternates: inherit; font-variant-position: inherit; font-weight: bold; font-stretch: inherit; font-size: 18px; line-height: 24px; font-family: Roboto; font-optical-sizing: inherit; font-kerning: inherit; font-feature-settings: inherit; font-variation-settings: inherit; vertical-align: baseline; color: rgb(54, 54, 54);\"><img src=\"http://localhost/biznews_rebuild/public/uploads/image/1717313288-665c1f0825811.jpeg\" style=\"width: 100%;\" data-filename=\"capture (1).jpeg\"></p><p style=\"margin-right: 0px; margin-bottom: 15px; margin-left: 0px; padding: 0px; border: 0px; font-variant-numeric: inherit; font-variant-east-asian: inherit; font-variant-alternates: inherit; font-variant-position: inherit; font-stretch: inherit; font-size: 17px; line-height: 1.6em; font-family: Arial; font-optical-sizing: inherit; font-kerning: inherit; font-feature-settings: inherit; font-variation-settings: inherit; vertical-align: baseline; color: rgb(0, 0, 0);\">Theo &#272;&agrave;i ph&aacute;t thanh Qu&#7889;c t&#7871; &#272;&#7913;c Deutsche Welle (DW), m&#7897;t c&#7921;u t&#7893;ng th&#7889;ng b&#7883; k&#7871;t &aacute;n trong m&#7897;t phi&ecirc;n t&ograve;a h&igrave;nh s&#7921; l&agrave; tr&#432;&#7901;ng h&#7907;p &#273;&#7847;u ti&ecirc;n trong l&#7883;ch s&#7917; M&#7929;. V&#7853;y &#273;i&#7873;u n&agrave;y s&#7869; &#7843;nh h&#432;&#7903;ng th&#7871; n&agrave;o &#273;&#7871;n vi&#7879;c tranh c&#7917; t&#7893;ng th&#7889;ng c&#7911;a Donald Trump?</p><p style=\"margin-right: 0px; margin-bottom: 15px; margin-left: 0px; padding: 0px; border: 0px; font-variant-numeric: inherit; font-variant-east-asian: inherit; font-variant-alternates: inherit; font-variant-position: inherit; font-stretch: inherit; font-size: 17px; line-height: 1.6em; font-family: Arial; font-optical-sizing: inherit; font-kerning: inherit; font-feature-settings: inherit; font-variation-settings: inherit; vertical-align: baseline; color: rgb(0, 0, 0);\">Donald Trump, &#7913;ng c&#7917; vi&ecirc;n h&agrave;ng &#273;&#7847;u c&#7911;a &#272;&#7843;ng C&#7897;ng h&ograve;a cho cu&#7897;c b&#7847;u c&#7917; t&#7893;ng th&#7889;ng M&#7929; v&agrave;o th&aacute;ng 11/2024, kh&ocirc;ng c&ograve;n &ldquo;xa l&#7841;&rdquo; v&#7899;i ph&ograve;ng x&#7917; &aacute;n. &#272;&#7847;u n&#259;m nay, b&#7891;i th&#7849;m &#273;o&agrave;n &#7903; New York &#273;&atilde; ra ph&aacute;n quy&#7871;t r&#7857;ng &ocirc;ng s&#7869; ph&#7843;i b&#7891;i th&#432;&#7901;ng thi&#7879;t h&#7841;i h&agrave;ng tri&#7879;u &#273;&ocirc; la cho nh&agrave; v&#259;n E. Jean Carroll v&igrave; t&#7897;i l&#7841;m d&#7909;ng t&igrave;nh d&#7909;c v&agrave; sau &#273;&oacute; l&agrave; ph&#7881; b&aacute;ng, m&#7897;t quy&#7871;t &#273;&#7883;nh m&agrave; &ocirc;ng Trump &#273;ang kh&aacute;ng c&aacute;o. &#272;&oacute; l&agrave; m&#7897;t v&#7909; &aacute;n d&acirc;n s&#7921;.</p><p style=\"margin-right: 0px; margin-bottom: 15px; margin-left: 0px; padding: 0px; border: 0px; font-variant-numeric: inherit; font-variant-east-asian: inherit; font-variant-alternates: inherit; font-variant-position: inherit; font-stretch: inherit; font-size: 17px; line-height: 1.6em; font-family: Arial; font-optical-sizing: inherit; font-kerning: inherit; font-feature-settings: inherit; font-variation-settings: inherit; vertical-align: baseline; color: rgb(0, 0, 0);\">Gi&#7901; &#273;&acirc;y, &ocirc;ng Trump &#273;&atilde; tr&#7903; th&agrave;nh c&#7921;u t&#7893;ng th&#7889;ng M&#7929; &#273;&#7847;u ti&ecirc;n b&#7883; k&#7871;t t&#7897;i h&igrave;nh s&#7921; li&ecirc;n quan &#273;&#7871;n v&#7909; chi ti&#7873;n b&#7883;t mi&#7879;ng sao khi&ecirc;u d&acirc;m Stormy Daniels t&#7841;i chi&#7871;n d&#7883;ch tranh c&#7917; n&#259;m 2016.&nbsp;B&#7891;i th&#7849;m &#273;o&agrave;n trong v&#7909; &aacute;n h&igrave;nh s&#7921; x&eacute;t x&#7917; c&#7921;u T&#7893;ng th&#7889;ng M&#7929; Donald Trump v&#7899;i c&aacute;o bu&#7897;c &ldquo;chi ti&#7873;n b&#7883;t mi&#7879;ng&rdquo; &#273;&atilde; &#273;&#432;a ra ph&aacute;n quy&#7871;t v&agrave;o cu&#7889;i gi&#7901; chi&#7873;u ng&agrave;y 30/5, sau ch&#432;a &#273;&#7847;y 12 gi&#7901; ngh&#7883; &aacute;n.&nbsp;</p><p style=\"margin-right: 0px; margin-bottom: 15px; margin-left: 0px; padding: 0px; border: 0px; font-variant-numeric: inherit; font-variant-east-asian: inherit; font-variant-alternates: inherit; font-variant-position: inherit; font-stretch: inherit; font-size: 17px; line-height: 1.6em; font-family: Arial; font-optical-sizing: inherit; font-kerning: inherit; font-feature-settings: inherit; font-variation-settings: inherit; vertical-align: baseline; color: rgb(0, 0, 0);\">Th&#7849;m ph&aacute;n Juan Merchan &#273;&atilde; b&aacute;c b&#7887; y&ecirc;u c&#7847;u c&#7911;a c&#7921;u T&#7893;ng th&#7889;ng Trump &#273;&ograve;i x&oacute;a c&aacute;o tr&#7841;ng, &#273;&#7891;ng th&#7901;i &#7845;n &#273;&#7883;nh ng&agrave;y tuy&ecirc;n &aacute;n l&agrave; 11/7, ch&#7881; v&agrave;i ng&agrave;y tr&#432;&#7899;c khi di&#7877;n ra &#272;&#7841;i h&#7897;i to&agrave;n qu&#7889;c c&#7911;a &#272;&#7843;ng C&#7897;ng h&ograve;a &#7903; Milwaukee (Wisconsin), d&#7921; ki&#7871;n b&#7855;t &#273;&#7847;u v&agrave;o ng&agrave;y 15/7.</p><p style=\"margin-right: 0px; margin-bottom: 15px; margin-left: 0px; padding: 0px; border: 0px; font-variant-numeric: inherit; font-variant-east-asian: inherit; font-variant-alternates: inherit; font-variant-position: inherit; font-stretch: inherit; font-size: 17px; line-height: 1.6em; font-family: Arial; font-optical-sizing: inherit; font-kerning: inherit; font-feature-settings: inherit; font-variation-settings: inherit; vertical-align: baseline; color: rgb(0, 0, 0);\">&#272;&acirc;y l&agrave; v&#7909; &aacute;n &#273;&#7847;u ti&ecirc;n trong s&#7889; b&#7889;n v&#7909; x&eacute;t x&#7917; h&igrave;nh s&#7921; - hai v&#7909; c&#7845;p bang v&agrave; hai v&#7909; c&#7845;p li&ecirc;n bang - m&agrave; Trump ph&#7843;i &#273;&#7889;i m&#7863;t. V&#7909; vi&#7879;c c&#7845;p bang c&ograve;n l&#7841;i t&#7853;p trung v&agrave;o nh&#7919;ng n&#7895; l&#7921;c b&#7883; c&aacute;o bu&#7897;c nh&#7857;m l&#7853;t ng&#432;&#7907;c k&#7871;t qu&#7843; b&#7847;u c&#7917; th&#7845;t b&#7841;i c&#7911;a &ocirc;ng &#7903; Georgia&nbsp; trong cu&#7897;c b&#7847;u c&#7917; t&#7893;ng th&#7889;ng n&#259;m 2020. M&#7897;t&nbsp; v&#7909; c&#7845;p li&ecirc;n bang li&ecirc;n quan &#273;&#7871;n c&aacute;o bu&#7897;c r&#7857;ng &ocirc;ng Trump c&#7889; t&igrave;nh th&uacute;c &#273;&#7849;y bi&#7875;u t&igrave;nh v&#7873; gian l&#7853;n b&#7847;u c&#7917; v&agrave;o n&#259;m 2020 &#273;&#7875; t&igrave;m c&aacute;ch duy tr&igrave; quy&#7873;n l&#7921;c; v&agrave; m&#7897;t c&aacute;o bu&#7897;c c&#7845;p li&ecirc;n bang kh&aacute;c cho r&#7857;ng &ocirc;ng Trump &#273;&atilde; gi&#7919; tr&aacute;i ph&eacute;p c&aacute;c t&agrave;i li&#7879;u m&#7853;t c&#7911;a ch&iacute;nh ph&#7911;&nbsp; khi r&#7901;i Nh&agrave; Tr&#7855;ng.&nbsp;</p><p style=\"margin-right: 0px; margin-bottom: 15px; margin-left: 0px; padding: 0px; border: 0px; font-variant-numeric: inherit; font-variant-east-asian: inherit; font-variant-alternates: inherit; font-variant-position: inherit; font-stretch: inherit; font-size: 17px; line-height: 1.6em; font-family: Arial; font-optical-sizing: inherit; font-kerning: inherit; font-feature-settings: inherit; font-variation-settings: inherit; vertical-align: baseline; color: rgb(0, 0, 0);\"><strong>&Ocirc;ng Trump v&#7851;n c&oacute; th&#7875; tranh c&#7917; t&#7893;ng th&#7889;ng?&nbsp;</strong></p><p style=\"margin-right: 0px; margin-bottom: 15px; margin-left: 0px; padding: 0px; border: 0px; font-variant-numeric: inherit; font-variant-east-asian: inherit; font-variant-alternates: inherit; font-variant-position: inherit; font-stretch: inherit; font-size: 17px; line-height: 1.6em; font-family: Arial; font-optical-sizing: inherit; font-kerning: inherit; font-feature-settings: inherit; font-variation-settings: inherit; vertical-align: baseline; color: rgb(0, 0, 0);\">&#272;i&#7873;u n&agrave;y l&agrave; &#273;&uacute;ng: Cho d&ugrave; nh&#7919;ng c&aacute;o bu&#7897;c tr&ecirc;n c&oacute; k&#7871;t th&uacute;c th&#7871; n&agrave;o &#273;i ch&#259;ng n&#7919;a, &ocirc;ng Trump v&#7851;n c&oacute; th&#7875; tranh c&#7917; t&#7893;ng th&#7889;ng. Hi&#7871;n ph&aacute;p M&#7929; ch&#7881; &#273;&#7863;t ra ba y&ecirc;u c&#7847;u v&#7873; t&iacute;nh &#273;&#7911; &#273;i&#7873;u ki&#7879;n &#273;&#7889;i v&#7899;i nh&#7919;ng ng&#432;&#7901;i mu&#7889;n tranh c&#7917;: H&#7885; ph&#7843;i l&agrave; c&ocirc;ng d&acirc;n M&#7929;, &iacute;t nh&#7845;t 35 tu&#7893;i v&agrave; &#273;&atilde; c&#432; tr&uacute; t&#7841;i M&#7929; &iacute;t nh&#7845;t 14 n&#259;m. Kh&ocirc;ng &#273;i&#7873;u kho&#7843;n n&agrave;o n&oacute;i r&#7857;ng m&#7897;t ng&#432;&#7901;i b&#7883; k&#7871;t &aacute;n kh&ocirc;ng th&#7875; tranh c&#7917; ho&#7863;c tr&#7903; th&agrave;nh t&#7893;ng th&#7889;ng.&nbsp;</p><p style=\"margin-right: 0px; margin-bottom: 15px; margin-left: 0px; padding: 0px; border: 0px; font-variant-numeric: inherit; font-variant-east-asian: inherit; font-variant-alternates: inherit; font-variant-position: inherit; font-stretch: inherit; font-size: 17px; line-height: 1.6em; font-family: Arial; font-optical-sizing: inherit; font-kerning: inherit; font-feature-settings: inherit; font-variation-settings: inherit; vertical-align: baseline; color: rgb(0, 0, 0);\">Laura Merrifield Wilson, Ph&oacute; Gi&aacute;o s&#432; Khoa h&#7885;c Ch&iacute;nh tr&#7883; t&#7841;i &#272;&#7841;i h&#7885;c Indianapolis, n&oacute;i: &ldquo;C&oacute; m&#7897;t s&#7889; tranh lu&#7853;n v&#7873; vi&#7879;c li&#7879;u m&#7897;t &#7913;ng c&#7917; vi&ecirc;n t&#7893;ng th&#7889;ng b&#7883; truy t&#7889; ho&#7863;c li&ecirc;n quan &#273;&#7871;n m&#7897;t v&#7909; &aacute;n ph&aacute;p l&yacute; &#273;ang di&#7877;n ra c&oacute; n&ecirc;n tranh c&#7917; hay kh&ocirc;ng. Nh&#432;ng nh&#7919;ng &#273;i&#7873;u &#273;&oacute; li&ecirc;n quan &#273;&#7871;n v&#7845;n &#273;&#7873; &#273;&#7841;o &#273;&#7913;c, ph&aacute;n &#273;o&aacute;n v&agrave; s&#7903; th&iacute;ch ch&#7913; kh&ocirc;ng ph&#7843;i lu&#7853;t ph&aacute;p hay c&aacute;c r&agrave;o c&#7843;n th&#7911; t&#7909;c ph&aacute;p l&yacute;&rdquo;.</p><p style=\"margin-right: 0px; margin-bottom: 15px; margin-left: 0px; padding: 0px; border: 0px; font-variant-numeric: inherit; font-variant-east-asian: inherit; font-variant-alternates: inherit; font-variant-position: inherit; font-stretch: inherit; font-size: 17px; line-height: 1.6em; font-family: Arial; font-optical-sizing: inherit; font-kerning: inherit; font-feature-settings: inherit; font-variation-settings: inherit; vertical-align: baseline; color: rgb(0, 0, 0);\"><strong>&Ocirc;ng Trump c&oacute; th&#7875; b&#7883; lo&#7841;i theo Tu ch&iacute;nh &aacute;n th&#7913; 14 c&#7911;a Hi&#7871;n ph&aacute;p M&#7929;?</strong></p><p style=\"margin-right: 0px; margin-bottom: 15px; margin-left: 0px; padding: 0px; border: 0px; font-variant-numeric: inherit; font-variant-east-asian: inherit; font-variant-alternates: inherit; font-variant-position: inherit; font-stretch: inherit; font-size: 17px; line-height: 1.6em; font-family: Arial; font-optical-sizing: inherit; font-kerning: inherit; font-feature-settings: inherit; font-variation-settings: inherit; vertical-align: baseline; color: rgb(0, 0, 0);\">M&#7909;c 3 c&#7911;a Tu ch&iacute;nh &aacute;n 14 quy &#273;&#7883;nh c&aacute;c quan ch&#7913;c t&#7915;ng tuy&ecirc;n th&#7879; tu&acirc;n th&#7911; Hi&#7871;n ph&aacute;p M&#7929; s&#7869; kh&ocirc;ng &#273;&#7911; t&#432; c&aacute;ch gi&#7919; ch&#7913;c v&#7909; trong t&#432;&#417;ng lai n&#7871;u h&#7885; &ldquo;tham gia n&#7893;i d&#7853;y&rdquo; ho&#7863;c &#273;&atilde; &ldquo;h&#7895; tr&#7907;&rdquo; nh&#7919;ng ng&#432;&#7901;i n&#7893;i d&#7853;y.</p><p style=\"margin-right: 0px; margin-bottom: 15px; margin-left: 0px; padding: 0px; border: 0px; font-variant-numeric: inherit; font-variant-east-asian: inherit; font-variant-alternates: inherit; font-variant-position: inherit; font-stretch: inherit; font-size: 17px; line-height: 1.6em; font-family: Arial; font-optical-sizing: inherit; font-kerning: inherit; font-feature-settings: inherit; font-variation-settings: inherit; vertical-align: baseline; color: rgb(0, 0, 0);\">C&aacute;c nh&agrave; ho&#7841;t &#273;&#7897;ng mu&#7889;n &ocirc;ng Trump b&#7883; lo&#7841;i theo &#273;i&#7873;u kho&#7843;n n&agrave;y n&oacute;i r&#7857;ng h&agrave;nh &#273;&#7897;ng c&#7911;a t&#7893;ng th&#7889;ng l&uacute;c khi &#273;&oacute; tr&#432;&#7899;c cu&#7897;c t&#7845;n c&ocirc;ng v&agrave;o to&agrave; nh&agrave; Qu&#7889;c h&#7897;i M&#7929; (&#272;&#7891;i Capitol) v&agrave;o ng&agrave;y 6/1/2021 c&#7845;u th&agrave;nh vi&#7879;c tham gia v&agrave;o m&#7897;t cu&#7897;c n&#7893;i d&#7853;y. H&#7885; n&oacute;i r&#7857;ng nh&#7919;ng l&#7901;i n&oacute;i d&#7889;i c&#7911;a &ocirc;ng Trump v&#7873; vi&#7879;c&nbsp;&#273;&#7843;ng D&acirc;n ch&#7911; gian l&#7853;n trong cu&#7897;c b&#7847;u c&#7917; &#273;&atilde; khuy&#7871;n kh&iacute;ch &#273;&aacute;m &#273;&ocirc;ng c&aacute;nh h&#7919;u x&ocirc;ng v&agrave;o &#272;&#7891;i Capitol ng&agrave;y h&ocirc;m &#273;&oacute;.</p><p style=\"margin-right: 0px; margin-bottom: 15px; margin-left: 0px; padding: 0px; border: 0px; font-variant-numeric: inherit; font-variant-east-asian: inherit; font-variant-alternates: inherit; font-variant-position: inherit; font-stretch: inherit; font-size: 17px; line-height: 1.6em; font-family: Arial; font-optical-sizing: inherit; font-kerning: inherit; font-feature-settings: inherit; font-variation-settings: inherit; vertical-align: baseline; color: rgb(0, 0, 0);\">C&aacute;c n&#7895; l&#7921;c &#273;&atilde; &#273;&#432;&#7907;c &#273;&#432;a ra &#273;&#7875; lo&#7841;i &ocirc;ng Trump kh&#7887;i c&aacute;c cu&#7897;c b&#7887; phi&#7871;u s&#417; b&#7897; &#7903; m&#7897;t s&#7889; bang theo &#273;i&#7873;u kho&#7843;n n&agrave;y, v&#7889;n ban &#273;&#7847;u &#273;&#432;&#7907;c s&#7917; d&#7909;ng &#273;&#7875; ng&#259;n ch&#7863;n nh&#7919;ng ng&#432;&#7901;i c&oacute; xu h&#432;&#7899;ng ly khai quay tr&#7903; l&#7841;i n&#7855;m quy&#7873;n trong ch&iacute;nh ph&#7911; cu&#7897;c n&#7897;i chi&#7871;n &#7903; M&#7929;\", c&#7921;u nh&agrave; b&aacute;o Brandon Conradis c&#7911;a DW v&agrave; hi&#7879;n l&agrave; bi&ecirc;n t&#7853;p vi&ecirc;n v&#7873; chi&#7871;n d&#7883;ch tranh c&#7917; c&#7911;a trang tin t&#7913;c ch&iacute;nh tr&#7883; The Hill, gi&#7843;i th&iacute;ch.</p><p style=\"margin-right: 0px; margin-bottom: 15px; margin-left: 0px; padding: 0px; border: 0px; font-variant-numeric: inherit; font-variant-east-asian: inherit; font-variant-alternates: inherit; font-variant-position: inherit; font-stretch: inherit; font-size: 17px; line-height: 1.6em; font-family: Arial; font-optical-sizing: inherit; font-kerning: inherit; font-feature-settings: inherit; font-variation-settings: inherit; vertical-align: baseline; color: rgb(0, 0, 0);\">Nh&#432;ng v&agrave;o th&aacute;ng 3/2024, T&ograve;a &aacute;n T&#7889;i cao &#273;&atilde; b&aacute;c b&#7887; m&#7897;t n&#7895; l&#7921;c nh&#432; v&#7853;y &#7903; Colorado, n&oacute;i r&#7857;ng c&aacute;c bang kh&ocirc;ng c&oacute; th&#7849;m quy&#7873;n c&#7845;m c&aacute;c c&aacute; nh&acirc;n tranh c&#7917; v&agrave;o nh&#7919;ng ch&#7913;c v&#7909; li&ecirc;n bang.</p><p style=\"margin-right: 0px; margin-bottom: 15px; margin-left: 0px; padding: 0px; border: 0px; font-variant-numeric: inherit; font-variant-east-asian: inherit; font-variant-alternates: inherit; font-variant-position: inherit; font-stretch: inherit; font-size: 17px; line-height: 1.6em; font-family: Arial; font-optical-sizing: inherit; font-kerning: inherit; font-feature-settings: inherit; font-variation-settings: inherit; vertical-align: baseline; color: rgb(0, 0, 0);\">T&ograve;a &aacute;n T&#7889;i cao l&#432;u &yacute; k&egrave;m theo ph&aacute;n quy&#7871;t c&#7911;a m&igrave;nh r&#7857;ng &ldquo;tr&aacute;ch nhi&#7879;m th&#7921;c thi M&#7909;c 3 &#273;&#7889;i v&#7899;i c&aacute;c quan ch&#7913;c v&agrave; &#7913;ng c&#7917; vi&ecirc;n li&ecirc;n bang thu&#7897;c v&#7873; Qu&#7889;c h&#7897;i&rdquo;. Do &#273;&oacute;, quy&#7871;t &#273;&#7883;nh n&agrave;y &#273;&atilde; v&ocirc; hi&#7879;u h&oacute;a nh&#7919;ng n&#7895; l&#7921;c t&#432;&#417;ng t&#7921; &#7903; c&aacute;c bang kh&aacute;c.</p><p style=\"margin-right: 0px; margin-bottom: 15px; margin-left: 0px; padding: 0px; border: 0px; font-variant-numeric: inherit; font-variant-east-asian: inherit; font-variant-alternates: inherit; font-variant-position: inherit; font-stretch: inherit; font-size: 17px; line-height: 1.6em; font-family: Arial; font-optical-sizing: inherit; font-kerning: inherit; font-feature-settings: inherit; font-variation-settings: inherit; vertical-align: baseline; color: rgb(0, 0, 0);\">V&igrave; Qu&#7889;c h&#7897;i b&#7883; chia r&#7869;, trong &#273;&oacute; &#273;&#7843;ng C&#7897;ng h&ograve;a chi&#7871;m &#273;a s&#7889; t&#7841;i H&#7841; vi&#7879;n v&agrave; &#273;&#7843;ng D&acirc;n ch&#7911; chi&#7871;m &#273;a s&#7889; t&#7841;i Th&#432;&#7907;ng vi&#7879;n, n&ecirc;n c&oacute; v&#7867; nh&#432; r&#7845;t kh&oacute; c&oacute; kh&#7843; n&#259;ng &ocirc;ng Trump s&#7869; b&#7883; lo&#7841;i kh&#7887;i cu&#7897;c &#273;ua v&agrave;o Nh&agrave; Tr&#7855;ng theo Tu ch&iacute;nh &aacute;n th&#7913; 14.</p><p style=\"margin-right: 0px; margin-bottom: 15px; margin-left: 0px; padding: 0px; border: 0px; font-variant-numeric: inherit; font-variant-east-asian: inherit; font-variant-alternates: inherit; font-variant-position: inherit; font-stretch: inherit; font-size: 17px; line-height: 1.6em; font-family: Arial; font-optical-sizing: inherit; font-kerning: inherit; font-feature-settings: inherit; font-variation-settings: inherit; vertical-align: baseline; color: rgb(0, 0, 0);\"><img src=\"http://localhost/biznews_rebuild/public/uploads/image/1717313288-665c1f08266a0.jpeg\" style=\"width: 100%;\" data-filename=\"capture.jpeg\"></p><p style=\"text-align: left; margin-right: 0px; margin-bottom: 15px; margin-left: 0px; padding: 0px; border: 0px; font-variant-numeric: inherit; font-variant-east-asian: inherit; font-variant-alternates: inherit; font-variant-position: inherit; font-stretch: inherit; font-size: 17px; line-height: 1.6em; font-family: Arial; font-optical-sizing: inherit; font-kerning: inherit; font-feature-settings: inherit; font-variation-settings: inherit; vertical-align: baseline; color: rgb(0, 0, 0);\"><span style=\"font-size: 13px; font-style: italic; text-align: center; background-color: rgb(241, 241, 241);\">C&#7921;u T&#7893;ng th&#7889;ng M&#7929; Donald Trump (ph&#7843;i, ph&iacute;a tr&#432;&#7899;c) t&#7841;i phi&ecirc;n x&eacute;t x&#7917; c&#7911;a T&ograve;a &aacute;n T&#7889;i cao Manhattan &#7903; New York, ng&agrave;y 30/5/2024. &#7842;nh: AFP/TTXVN</span><strong><br></strong></p><p style=\"text-align: left; margin-right: 0px; margin-bottom: 15px; margin-left: 0px; padding: 0px; border: 0px; font-variant-numeric: inherit; font-variant-east-asian: inherit; font-variant-alternates: inherit; font-variant-position: inherit; font-stretch: inherit; font-size: 17px; line-height: 1.6em; font-family: Arial; font-optical-sizing: inherit; font-kerning: inherit; font-feature-settings: inherit; font-variation-settings: inherit; vertical-align: baseline; color: rgb(0, 0, 0);\"><strong>&Ocirc;ng Trump c&oacute; th&#7875; b&#7887; phi&#7871;u trong cu&#7897;c b&#7847;u c&#7917; M&#7929;?&nbsp;</strong></p><p style=\"margin-right: 0px; margin-bottom: 15px; margin-left: 0px; padding: 0px; border: 0px; font-variant-numeric: inherit; font-variant-east-asian: inherit; font-variant-alternates: inherit; font-variant-position: inherit; font-stretch: inherit; font-size: 17px; line-height: 1.6em; font-family: Arial; font-optical-sizing: inherit; font-kerning: inherit; font-feature-settings: inherit; font-variation-settings: inherit; vertical-align: baseline; color: rgb(0, 0, 0);\">&#272;i&#7873;u n&agrave;y l&agrave; kh&ocirc;ng th&#7875;: &Ocirc;ng Trump &#273;&atilde; &#273;&#259;ng k&yacute; b&#7887; phi&#7871;u &#7903; Florida, n&#417;i nh&#7919;ng ng&#432;&#7901;i b&#7883; k&#7871;t &aacute;n s&#7869; b&#7883; t&#432;&#7899;c quy&#7873;n b&#7847;u c&#7917;.</p><p style=\"margin-right: 0px; margin-bottom: 15px; margin-left: 0px; padding: 0px; border: 0px; font-variant-numeric: inherit; font-variant-east-asian: inherit; font-variant-alternates: inherit; font-variant-position: inherit; font-stretch: inherit; font-size: 17px; line-height: 1.6em; font-family: Arial; font-optical-sizing: inherit; font-kerning: inherit; font-feature-settings: inherit; font-variation-settings: inherit; vertical-align: baseline; color: rgb(0, 0, 0);\">Ph&oacute;ng vi&ecirc;n ch&iacute;nh tr&#7883; Maggie Astor vi&#7871;t tr&ecirc;n t&#7901; The New York Times: &ldquo;H&#7847;u h&#7871;t nh&#7919;ng &#273;&#7889;i t&#432;&#7907;ng ph&#7841;m t&#7897;i &#7903; Florida &#273;&#7873;u ch&#7881; c&oacute; quy&#7873;n b&#7847;u c&#7917; sau khi m&atilde;n h&#7841;n t&ugrave; &#273;&#7847;y &#273;&#7911;, bao g&#7891;m c&#7843; vi&#7879;c t&#7841;m tha ho&#7863;c qu&#7843;n ch&#7871; c&#361;ng nh&#432; tr&#7843; t&#7845;t c&#7843; c&aacute;c kho&#7843;n ti&#7873;n ph&#7841;t v&agrave; l&#7879; ph&iacute;&rdquo;.</p><p style=\"margin-right: 0px; margin-bottom: 15px; margin-left: 0px; padding: 0px; border: 0px; font-variant-numeric: inherit; font-variant-east-asian: inherit; font-variant-alternates: inherit; font-variant-position: inherit; font-stretch: inherit; font-size: 17px; line-height: 1.6em; font-family: Arial; font-optical-sizing: inherit; font-kerning: inherit; font-feature-settings: inherit; font-variation-settings: inherit; vertical-align: baseline; color: rgb(0, 0, 0);\">Nh&#432;ng vi&#7879;c t&#7841;m tha &#273;&#7889;i v&#7899;i c&#7921;u T&#7893;ng th&#7889;ng Trump c&oacute; th&#7875; s&#7869; kh&ocirc;ng k&#7883;p &#273;&#7875; &ocirc;ng c&oacute; l&#7841;i quy&#7873;n b&#7847;u c&#7917;. V&igrave; v&#7853;y, n&#7871;u b&#7883; k&#7871;t t&#7897;i, &ocirc;ng Trump v&#7851;n c&oacute; th&#7875; tranh c&#7917; t&#7893;ng th&#7889;ng nh&#432;ng kh&ocirc;ng &#273;&#432;&#7907;c b&#7887; phi&#7871;u cho ch&iacute;nh m&igrave;nh.</p><p style=\"margin-right: 0px; margin-bottom: 15px; margin-left: 0px; padding: 0px; border: 0px; font-variant-numeric: inherit; font-variant-east-asian: inherit; font-variant-alternates: inherit; font-variant-position: inherit; font-stretch: inherit; font-size: 17px; line-height: 1.6em; font-family: Arial; font-optical-sizing: inherit; font-kerning: inherit; font-feature-settings: inherit; font-variation-settings: inherit; vertical-align: baseline; color: rgb(0, 0, 0);\">Nh&#432;ng chuy&#7879;n g&igrave; s&#7869; x&#7843;y ra n&#7871;u &ocirc;ng Trump th&#7921;c s&#7921; ph&#7843;i v&agrave;o t&ugrave;?&nbsp;Hi&#7879;n kh&ocirc;ng ai bi&#7871;t s&#7869; nh&#432; th&#7871; n&agrave;o trong tr&#432;&#7901;ng h&#7907;p n&agrave;y.&nbsp;Erwin Chemerinsky, chuy&ecirc;n gia lu&#7853;t t&#7841;i &#272;&#7841;i h&#7885;c California-Berkeley, n&oacute;i v&#7899;i t&#7901; New York Times: &ldquo;Cho &#273;&#7871;n nay, ch&uacute;ng ta ch&#432;a t&#7915;ng ch&#7913;ng ki&#7871;n &#273;i&#7873;u n&agrave;y x&#7843;y ra. T&#7845;t c&#7843; ch&#7881; l&agrave; suy &#273;o&aacute;n&rdquo;.</p><p style=\"margin-right: 0px; margin-bottom: 15px; margin-left: 0px; padding: 0px; border: 0px; font-variant-numeric: inherit; font-variant-east-asian: inherit; font-variant-alternates: inherit; font-variant-position: inherit; font-stretch: inherit; font-size: 17px; line-height: 1.6em; font-family: Arial; font-optical-sizing: inherit; font-kerning: inherit; font-feature-settings: inherit; font-variation-settings: inherit; vertical-align: baseline; color: rgb(0, 0, 0);\">V&#7873; m&#7863;t ph&aacute;p l&yacute;, &ocirc;ng Trump v&#7851;n &#273;&#7911; &#273;i&#7873;u ki&#7879;n tranh c&#7917;, ngay c&#7843; khi \"&#273;&#7913;ng sau song s&#7855;t\". Nh&#432;ng t&#7845;t nhi&ecirc;n m&#7897;t t&#7893;ng th&#7889;ng &#273;&#432;&#7907;c b&#7847;u khi &#273;ang &#7903; trong t&ugrave; s&#7869; &#273;&#7863;t ra m&#7897;t th&aacute;ch th&#7913;c v&#7873; m&#7863;t h&#7853;u c&#7847;n. Nh&agrave; b&aacute;o Astor suy &#273;o&aacute;n r&#7857;ng \"&ocirc;ng Trump c&oacute; th&#7875; ki&#7879;n &#273;&#7875; &#273;&#432;&#7907;c tr&#7843; t&#7921; do tr&ecirc;n c&#417; s&#7903; r&#7857;ng vi&#7879;c b&#7887; t&ugrave; &#273;ang ng&#259;n c&#7843;n &ocirc;ng th&#7921;c hi&#7879;n ngh&#297;a v&#7909; hi&#7871;n ph&aacute;p v&#7899;i t&#432; c&aacute;ch l&agrave; t&#7893;ng th&#7889;ng\".&nbsp;&nbsp;</p><p style=\"margin-right: 0px; margin-bottom: 15px; margin-left: 0px; padding: 0px; border: 0px; font-variant-numeric: inherit; font-variant-east-asian: inherit; font-variant-alternates: inherit; font-variant-position: inherit; font-stretch: inherit; font-size: 17px; line-height: 1.6em; font-family: Arial; font-optical-sizing: inherit; font-kerning: inherit; font-feature-settings: inherit; font-variation-settings: inherit; vertical-align: baseline; color: rgb(0, 0, 0);\">Nh&#432;ng v&igrave; ch&#432;a t&#7915;ng c&oacute; ti&#7873;n l&#7879; trong l&#7883;ch s&#7917; M&#7929; n&ecirc;n kh&ocirc;ng th&#7875; n&oacute;i tr&#432;&#7899;c m&#7885;i chuy&#7879;n s&#7869; di&#7877;n ra nh&#432; th&#7871; n&agrave;o.</p><p style=\"margin-right: 0px; margin-bottom: 15px; margin-left: 0px; padding: 0px; border: 0px; font-variant-numeric: inherit; font-variant-east-asian: inherit; font-variant-alternates: inherit; font-variant-position: inherit; font-stretch: inherit; font-size: 17px; line-height: 1.6em; font-family: Arial; font-optical-sizing: inherit; font-kerning: inherit; font-feature-settings: inherit; font-variation-settings: inherit; vertical-align: baseline; color: rgb(0, 0, 0);\">N&#7871;u &#273;&#7855;c c&#7917;, li&#7879;u Trump c&oacute; th&#7875; b&aacute;c b&#7887; c&aacute;c v&#7909; ki&#7879;n ch&#7889;ng l&#7841;i &ocirc;ng hay t&#7921; &acirc;n x&aacute; cho ch&iacute;nh m&igrave;nh?&nbsp;V&#7873; l&yacute; thuy&#7871;t, &ocirc;ng Trump c&oacute; th&#7875; gi&#7843;m &aacute;n t&ugrave; hay hu&#7927; b&#7843;n &aacute;n, ho&#7863;c th&#7853;m ch&iacute; t&igrave;m c&aacute;ch t&#7921; &acirc;n x&aacute; ho&agrave;n to&agrave;n cho b&#7843;n th&acirc;n, nh&#432;ng &#273;&acirc;y s&#7869; l&agrave; nh&#7919;ng t&iacute;n hi&#7879;u c&#7921;c &#273;oan v&#7873; quy&#7873;n l&#7921;c c&#7911;a t&#7893;ng th&#7889;ng v&agrave; c&oacute; th&#7875; s&#7869; &#273;&#432;&#7907;c &#273;&#432;a ra tr&#432;&#7899;c T&ograve;a &aacute;n T&#7889;i cao &#273;&#7875; xem x&eacute;t v&#7873; t&iacute;nh h&#7907;p hi&#7871;n c&#7911;a ch&uacute;ng.</p><p style=\"margin-right: 0px; margin-bottom: 15px; margin-left: 0px; padding: 0px; border: 0px; font-variant-numeric: inherit; font-variant-east-asian: inherit; font-variant-alternates: inherit; font-variant-position: inherit; font-stretch: inherit; font-size: 17px; line-height: 1.6em; font-family: Arial; font-optical-sizing: inherit; font-kerning: inherit; font-feature-settings: inherit; font-variation-settings: inherit; vertical-align: baseline; color: rgb(0, 0, 0);\">Ngo&agrave;i ra, T&#7893;ng th&#7889;ng Joe Biden c&oacute; th&#7875; &acirc;n x&aacute; cho &ocirc;ng Trump. Tuy nhi&ecirc;n, nh&#7919;ng h&agrave;nh &#273;&#7897;ng nh&#432; v&#7853;y s&#7869; ch&#7881; &aacute;p d&#7909;ng cho c&aacute;c v&#7909; &aacute;n li&ecirc;n bang c&#7911;a &ocirc;ng Trump, ch&#7913; kh&ocirc;ng ph&#7843;i v&#7909; x&eacute;t x&#7917; t&#7897;i chi ti&#7873;n b&#7883;t mi&#7879;ng c&#7911;a bang New York, c&#361;ng nh&#432; v&#7909; can thi&#7879;p b&#7847;u c&#7917; &#7903; Georgia, v&igrave; c&aacute;c t&#7893;ng th&#7889;ng kh&ocirc;ng c&oacute; quy&#7873;n &acirc;n x&aacute; cho c&aacute;c b&#7843;n &aacute;n &#7903; c&#7845;p bang.</p>\n', 13, 35, '1717313288.jpeg', '2024-06-02 07:28:08', '2024-06-02 07:28:08'),
(48, 'Học sinh nghèo Gia Lai xúc động nhận mô hình sinh kế', '<?xml encoding=\"utf-8\" ?><!--?xml encoding=\"utf-8\" ?--><!--?xml encoding=\"utf-8\" ?--><!--?xml encoding=\"utf-8\" ?--><p><span style=\'color: rgb(59, 61, 63); font-family: arial, -apple-system, BlinkMacSystemFont, \"Segoe UI\", Roboto, \"Helvetica Neue\", Arial, sans-serif, \"Apple Color Emoji\", \"Segoe UI Emoji\", \"Segoe UI Symbol\", \"Noto Color Emoji\"; font-size: 18px; font-weight: 600;\'>TPO - B&#7857;ng ngu&#7891;n l&#7921;c t&#7915; c&aacute;c nh&agrave; h&#7843;o t&acirc;m, V&#259;n ph&ograve;ng &#273;&#7841;i di&#7879;n b&aacute;o Ti&#7873;n Phong &#7903; khu v&#7921;c T&acirc;y Nguy&ecirc;n v&#7915;a ph&#7889;i h&#7907;p v&#7899;i T&#7881;nh &#272;o&agrave;n Gia Lai trao cho 44 h&#7885;c sinh ngh&egrave;o tr&ecirc;n &#273;&#7883;a b&agrave;n v&#7899;i 44 m&ocirc; h&igrave;nh sinh k&#7871; (m&#7895;i m&ocirc; h&igrave;nh 2 tri&#7879;u &#273;&#7891;ng). C&aacute;c nh&agrave; h&#7843;o t&acirc;m kh&ocirc;ng kh&#7887;i x&uacute;c &#273;&#7897;ng khi ch&#7913;ng ki&#7871;n h&igrave;nh &#7843;nh c&aacute;c em nh&#7887; ho&agrave;n c&#7843;nh thi&#7879;t th&ograve;i nh&#7853;n nh&#7919;ng c&#7863;p heo gi&#7889;ng v&#7873; nu&ocirc;i.</span></p><p><span style=\'color: rgb(59, 61, 63); font-family: arial, -apple-system, BlinkMacSystemFont, \"Segoe UI\", Roboto, \"Helvetica Neue\", Arial, sans-serif, \"Apple Color Emoji\", \"Segoe UI Emoji\", \"Segoe UI Symbol\", \"Noto Color Emoji\"; font-size: 18px; font-weight: 600;\'><br></span></p><p><span style=\'color: rgb(59, 61, 63); font-family: arial, -apple-system, BlinkMacSystemFont, \"Segoe UI\", Roboto, \"Helvetica Neue\", Arial, sans-serif, \"Apple Color Emoji\", \"Segoe UI Emoji\", \"Segoe UI Symbol\", \"Noto Color Emoji\"; text-align: center;\'>Chi&#7873;u 1/6, t&#7841;i huy&#7879;n Ia Grai,&nbsp;</span><a href=\"https://tienphong.vn/post-1639948.tpo\" style=\'color: rgb(165, 10, 2); background-color: rgb(255, 255, 255); transition: all 0.1s ease-in-out 0s; font-family: arial, -apple-system, BlinkMacSystemFont, \"Segoe UI\", Roboto, \"Helvetica Neue\", Arial, sans-serif, \"Apple Color Emoji\", \"Segoe UI Emoji\", \"Segoe UI Symbol\", \"Noto Color Emoji\"; text-align: center;\'>T&#7881;nh &#272;o&agrave;n Gia Lai&nbsp;</a><span style=\'color: rgb(59, 61, 63); font-family: arial, -apple-system, BlinkMacSystemFont, \"Segoe UI\", Roboto, \"Helvetica Neue\", Arial, sans-serif, \"Apple Color Emoji\", \"Segoe UI Emoji\", \"Segoe UI Symbol\", \"Noto Color Emoji\"; text-align: center;\'>t&#7893; ch&#7913;c Ng&agrave;y cao &#273;i&#7875;m chi&#7871;n s&#297;&nbsp;</span><a href=\"https://tienphong.vn/gioi-tre/\" title=\"t&igrave;nh nguy&#7879;n\" style=\'color: rgb(165, 10, 2); background-color: rgb(255, 255, 255); transition: all 0.1s ease-in-out 0s; font-family: arial, -apple-system, BlinkMacSystemFont, \"Segoe UI\", Roboto, \"Helvetica Neue\", Arial, sans-serif, \"Apple Color Emoji\", \"Segoe UI Emoji\", \"Segoe UI Symbol\", \"Noto Color Emoji\"; text-align: center;\'>t&igrave;nh nguy&#7879;n</a><span style=\'color: rgb(59, 61, 63); font-family: arial, -apple-system, BlinkMacSystemFont, \"Segoe UI\", Roboto, \"Helvetica Neue\", Arial, sans-serif, \"Apple Color Emoji\", \"Segoe UI Emoji\", \"Segoe UI Symbol\", \"Noto Color Emoji\"; text-align: center;\'>&nbsp;h&#7895; tr&#7907; thi&#7871;u nhi c&oacute; ho&agrave;n c&#7843;nh kh&oacute; kh&#259;n v&agrave; tuy&ecirc;n truy&#7873;n v&#7873; an ninh bi&ecirc;n gi&#7899;i, ph&aacute;t &#273;&#7897;ng phong tr&agrave;o thi&#7871;u nhi Gia Lai thi &#273;ua l&agrave;m theo 5 &#273;i&#7873;u b&aacute;c H&#7891; d&#7841;y n&#259;m 2024. T&#7841;i ch&#432;&#417;ng tr&igrave;nh, c&aacute;c em h&#7885;c sinh ho&agrave;n c&#7843;nh kh&oacute; kh&#259;n &#7903; huy&#7879;n Ia Grai nh&#7853;n b&#7843;ng t&#432;&#7907;ng tr&#432;ng m&ocirc; h&igrave;nh sinh k&#7871; t&#7915; c&aacute;c &#273;&#417;n v&#7883;, nh&agrave; h&#7843;o t&acirc;m h&#7895; tr&#7907;.</span></p><p><img src=\"http://localhost/biznews_rebuild/public/uploads/image/1717314162-665c22727a4ad.jpeg\" style=\"width: 100%;\" data-filename=\"l3-3769.jpg\"><span style=\'color: rgb(59, 61, 63); font-family: arial, -apple-system, BlinkMacSystemFont, \"Segoe UI\", Roboto, \"Helvetica Neue\", Arial, sans-serif, \"Apple Color Emoji\", \"Segoe UI Emoji\", \"Segoe UI Symbol\", \"Noto Color Emoji\"; text-align: center;\'><br></span><span style=\'color: rgb(59, 61, 63); font-family: arial, -apple-system, BlinkMacSystemFont, \"Segoe UI\", Roboto, \"Helvetica Neue\", Arial, sans-serif, \"Apple Color Emoji\", \"Segoe UI Emoji\", \"Segoe UI Symbol\", \"Noto Color Emoji\"; font-size: 18px; font-weight: 600;\'><br></span><span style=\'color: rgb(59, 61, 63); font-family: arial, -apple-system, BlinkMacSystemFont, \"Segoe UI\", Roboto, \"Helvetica Neue\", Arial, sans-serif, \"Apple Color Emoji\", \"Segoe UI Emoji\", \"Segoe UI Symbol\", \"Noto Color Emoji\"; text-align: center;\'>Anh &#272;&#7895; &#272;&#7913;c Thanh - Ph&oacute; B&iacute; th&#432;&nbsp;</span><a href=\"https://tienphong.vn/hoc-sinh-ngheo-xuc-dong-nhan-bo-heo-tu-nha-hao-tam-post1549607.tpo\" style=\'color: rgb(165, 10, 2); background-color: rgb(255, 255, 255); transition: all 0.1s ease-in-out 0s; font-family: arial, -apple-system, BlinkMacSystemFont, \"Segoe UI\", Roboto, \"Helvetica Neue\", Arial, sans-serif, \"Apple Color Emoji\", \"Segoe UI Emoji\", \"Segoe UI Symbol\", \"Noto Color Emoji\"; text-align: center;\'>T&#7881;nh &#272;o&agrave;n Gia Lai&nbsp;</a><span style=\'color: rgb(59, 61, 63); font-family: arial, -apple-system, BlinkMacSystemFont, \"Segoe UI\", Roboto, \"Helvetica Neue\", Arial, sans-serif, \"Apple Color Emoji\", \"Segoe UI Emoji\", \"Segoe UI Symbol\", \"Noto Color Emoji\"; text-align: center;\'>trao th&#432; c&#7843;m &#417;n t&#7899;i c&aacute;c &#273;&#417;n v&#7883; h&#7895; tr&#7907;,&nbsp;</span><a href=\"https://tienphong.vn/dan-ga-tinh-thuong-tao-sinh-ke-cho-hoc-sinh-ngheo-mien-nui-post1400075.tpo\" style=\'color: rgb(165, 10, 2); background-color: rgb(255, 255, 255); transition: all 0.1s ease-in-out 0s; font-family: arial, -apple-system, BlinkMacSystemFont, \"Segoe UI\", Roboto, \"Helvetica Neue\", Arial, sans-serif, \"Apple Color Emoji\", \"Segoe UI Emoji\", \"Segoe UI Symbol\", \"Noto Color Emoji\"; text-align: center;\'>nh&agrave; h&#7843;o t&acirc;m</a><span style=\'color: rgb(59, 61, 63); font-family: arial, -apple-system, BlinkMacSystemFont, \"Segoe UI\", Roboto, \"Helvetica Neue\", Arial, sans-serif, \"Apple Color Emoji\", \"Segoe UI Emoji\", \"Segoe UI Symbol\", \"Noto Color Emoji\"; text-align: center;\'>&nbsp;v&agrave; nh&agrave; b&aacute;o Tu&#7845;n Nguy&#7877;n - Ph&#7909; tr&aacute;ch V&#259;n ph&ograve;ng &#273;&#7841;i di&#7879;n b&aacute;o Ti&#7873;n Phong khu v&#7921;c T&acirc;y Nguy&ecirc;n.</span></p><p><img src=\"http://localhost/biznews_rebuild/public/uploads/image/1717314162-665c22727aa32.jpeg\" style=\"width: 100%;\" data-filename=\"l4-856.jpg\"><span style=\'color: rgb(59, 61, 63); font-family: arial, -apple-system, BlinkMacSystemFont, \"Segoe UI\", Roboto, \"Helvetica Neue\", Arial, sans-serif, \"Apple Color Emoji\", \"Segoe UI Emoji\", \"Segoe UI Symbol\", \"Noto Color Emoji\"; text-align: center;\'><br></span></p><p><span style=\'color: rgb(59, 61, 63); font-family: arial, -apple-system, BlinkMacSystemFont, \"Segoe UI\", Roboto, \"Helvetica Neue\", Arial, sans-serif, \"Apple Color Emoji\", \"Segoe UI Emoji\", \"Segoe UI Symbol\", \"Noto Color Emoji\"; text-align: center;\'>T&#7841;i ch&#432;&#417;ng tr&igrave;nh, nh&agrave; b&aacute;o Tu&#7845;n Nguy&#7877;n - Ph&#7909; tr&aacute;ch V&#259;n ph&ograve;ng &#273;&#7841;i di&#7879;n b&aacute;o Ti&#7873;n Phong khu v&#7921;c T&acirc;y Nguy&ecirc;n g&#7917;i l&#7901;i c&#7843;m &#417;n s&acirc;u s&#7855;c t&#7899;i c&aacute;c nh&agrave; h&#7843;o t&acirc;m, &#273;&#417;n v&#7883; h&#7895; tr&#7907; cho c&aacute;c&nbsp;</span><a href=\"https://tienphong.vn/tag/h%e1%bb%8dc+sinh+ngh%c3%a8o.tpo\" title=\"h&#7885;c sinh ngh&egrave;o\" style=\'color: rgb(165, 10, 2); background-color: rgb(255, 255, 255); transition: all 0.1s ease-in-out 0s; font-family: arial, -apple-system, BlinkMacSystemFont, \"Segoe UI\", Roboto, \"Helvetica Neue\", Arial, sans-serif, \"Apple Color Emoji\", \"Segoe UI Emoji\", \"Segoe UI Symbol\", \"Noto Color Emoji\"; text-align: center;\'>h&#7885;c sinh ngh&egrave;o</a><span style=\'color: rgb(59, 61, 63); font-family: arial, -apple-system, BlinkMacSystemFont, \"Segoe UI\", Roboto, \"Helvetica Neue\", Arial, sans-serif, \"Apple Color Emoji\", \"Segoe UI Emoji\", \"Segoe UI Symbol\", \"Noto Color Emoji\"; text-align: center;\'>, th&ocirc;ng qua s&#7921; v&#7853;n &#273;&#7897;ng tr&#7921;c ti&#7871;p t&#7915; nh&agrave; b&aacute;o L&ecirc; Ti&#7873;n.</span></p><p><img src=\"http://localhost/biznews_rebuild/public/uploads/image/1717314162-665c22727b4ae.jpeg\" style=\"width: 238.288px; height: 272.276px;\" data-filename=\"7c912fb9394e9910c05f-5851.jpg\"><img src=\"http://localhost/biznews_rebuild/public/uploads/image/1717314162-665c22727bd86.jpeg\" style=\"width: 394.316px; height: 262.877px;\" data-filename=\"l2-8984.jpg\"><img src=\"http://localhost/biznews_rebuild/public/uploads/image/1717314162-665c22727c2f7.jpeg\" style=\"width: 398.344px; height: 265.56px;\" data-filename=\"5-9854.jpg\"><span style=\'color: rgb(59, 61, 63); font-family: arial, -apple-system, BlinkMacSystemFont, \"Segoe UI\", Roboto, \"Helvetica Neue\", Arial, sans-serif, \"Apple Color Emoji\", \"Segoe UI Emoji\", \"Segoe UI Symbol\", \"Noto Color Emoji\"; text-align: center;\'><br></span></p><p><span style=\'color: rgb(59, 61, 63); font-family: arial, -apple-system, BlinkMacSystemFont, \"Segoe UI\", Roboto, \"Helvetica Neue\", Arial, sans-serif, \"Apple Color Emoji\", \"Segoe UI Emoji\", \"Segoe UI Symbol\", \"Noto Color Emoji\"; text-align: center;\'>Sau ch&#432;&#417;ng tr&igrave;nh,&nbsp;</span><a href=\"https://tienphong.vn/tag/heo+gi%e1%bb%91ng.tpo\" title=\"heo gi&#7889;ng\" style=\'color: rgb(165, 10, 2); background-color: rgb(255, 255, 255); transition: all 0.1s ease-in-out 0s; font-family: arial, -apple-system, BlinkMacSystemFont, \"Segoe UI\", Roboto, \"Helvetica Neue\", Arial, sans-serif, \"Apple Color Emoji\", \"Segoe UI Emoji\", \"Segoe UI Symbol\", \"Noto Color Emoji\"; text-align: center;\'>heo gi&#7889;ng</a><span style=\'color: rgb(59, 61, 63); font-family: arial, -apple-system, BlinkMacSystemFont, \"Segoe UI\", Roboto, \"Helvetica Neue\", Arial, sans-serif, \"Apple Color Emoji\", \"Segoe UI Emoji\", \"Segoe UI Symbol\", \"Noto Color Emoji\"; text-align: center;\'>&nbsp;&#273;&#432;&#7907;c ch&#7903; t&#7899;i nh&agrave; c&aacute;c h&#7885;c sinh ngh&egrave;o hi&#7871;u h&#7885;c.</span></p><p><span style=\'color: rgb(59, 61, 63); font-family: arial, -apple-system, BlinkMacSystemFont, \"Segoe UI\", Roboto, \"Helvetica Neue\", Arial, sans-serif, \"Apple Color Emoji\", \"Segoe UI Emoji\", \"Segoe UI Symbol\", \"Noto Color Emoji\"; text-align: center;\'>C&aacute;c &#273;&#417;n v&#7883; h&#7895; tr&#7907;, nh&agrave; h&#7843;o t&acirc;m x&uacute;c &#273;&#7897;ng khi &#273;&#7871;n th&#259;m c&aacute;c gia &#273;&igrave;nh h&#7885;c sinh &#273;&#432;&#7907;c nh&#7853;n m&ocirc; h&igrave;nh sinh k&#7871;.</span></p><p><span style=\'color: rgb(59, 61, 63); font-family: arial, -apple-system, BlinkMacSystemFont, \"Segoe UI\", Roboto, \"Helvetica Neue\", Arial, sans-serif, \"Apple Color Emoji\", \"Segoe UI Emoji\", \"Segoe UI Symbol\", \"Noto Color Emoji\"; text-align: center;\'><br></span><img src=\"http://localhost/biznews_rebuild/public/uploads/image/1717314162-665c22727c7ff.jpeg\" style=\"width: 100%;\" data-filename=\"1-8215.jpg\"><img src=\"http://localhost/biznews_rebuild/public/uploads/image/1717314162-665c22727ce16.jpeg\" style=\"width: 100%;\" data-filename=\"2-6608.jpg\"></p><p><span style=\'color: rgb(59, 61, 63); font-family: arial, -apple-system, BlinkMacSystemFont, \"Segoe UI\", Roboto, \"Helvetica Neue\", Arial, sans-serif, \"Apple Color Emoji\", \"Segoe UI Emoji\", \"Segoe UI Symbol\", \"Noto Color Emoji\"; text-align: center;\'>Ch&#7883; H&agrave; Th&#7883; Giang Th&#7843;o - B&iacute; th&#432; T&#7881;nh &#272;o&agrave;n Gia Lai &#273;&#7841;i di&#7879;n trao b&#7843;ng t&#432;&#7907;ng tr&#432;ng m&ocirc; h&igrave;nh sinh k&#7871; cho 10 h&#7885;c sinh.</span></p><p><span style=\'color: rgb(59, 61, 63); font-family: arial, -apple-system, BlinkMacSystemFont, \"Segoe UI\", Roboto, \"Helvetica Neue\", Arial, sans-serif, \"Apple Color Emoji\", \"Segoe UI Emoji\", \"Segoe UI Symbol\", \"Noto Color Emoji\"; text-align: center;\'>&Ocirc;ng Siu Thil - Ph&oacute; B&iacute; th&#432; Huy&#7879;n u&#7927; &#272;&#7913;c C&#417; v&agrave; anh &#272;&#7895; &#272;&#7913;c Thanh - Ph&oacute; B&iacute; th&#432; T&#7881;nh &#272;o&agrave;n Gia Lai trao b&#7843;ng t&#432;&#7907;ng tr&#432;ng m&ocirc; h&igrave;nh sinh k&#7871; cho 10 h&#7885;c sinh.</span></p><p><img src=\"http://localhost/biznews_rebuild/public/uploads/image/1717314162-665c22727d5b1.jpeg\" style=\"width: 100%;\" data-filename=\"1-2442.jpg\"><span style=\'color: rgb(59, 61, 63); font-family: arial, -apple-system, BlinkMacSystemFont, \"Segoe UI\", Roboto, \"Helvetica Neue\", Arial, sans-serif, \"Apple Color Emoji\", \"Segoe UI Emoji\", \"Segoe UI Symbol\", \"Noto Color Emoji\"; text-align: center;\'>Danh s&aacute;ch 40 em h&#7885;c sinh &#7903; hai huy&#7879;n &#272;&#7913;c C&#417; v&agrave; Ia Grai nh&#7853;n m&ocirc; h&igrave;nh sinh k&#7871;.</span></p><p><img src=\"http://localhost/biznews_rebuild/public/uploads/image/1717314162-665c22727db6d.jpeg\" style=\"width: 100%;\" data-filename=\"1000000298-2072.jpg\"><span style=\'color: rgb(59, 61, 63); font-family: arial, -apple-system, BlinkMacSystemFont, \"Segoe UI\", Roboto, \"Helvetica Neue\", Arial, sans-serif, \"Apple Color Emoji\", \"Segoe UI Emoji\", \"Segoe UI Symbol\", \"Noto Color Emoji\"; text-align: center;\'><br></span><span style=\'color: rgb(59, 61, 63); font-family: arial, -apple-system, BlinkMacSystemFont, \"Segoe UI\", Roboto, \"Helvetica Neue\", Arial, sans-serif, \"Apple Color Emoji\", \"Segoe UI Emoji\", \"Segoe UI Symbol\", \"Noto Color Emoji\"; text-align: center;\'><br></span><span style=\'color: rgb(59, 61, 63); font-family: arial, -apple-system, BlinkMacSystemFont, \"Segoe UI\", Roboto, \"Helvetica Neue\", Arial, sans-serif, \"Apple Color Emoji\", \"Segoe UI Emoji\", \"Segoe UI Symbol\", \"Noto Color Emoji\"; text-align: center;\'>Anh L&ecirc; Tr&#7885;ng Ph&uacute;c - B&iacute; th&#432; Huy&#7879;n &#272;o&agrave;n &#272;&#7913;c C&#417; (&#273;eo k&iacute;nh) &#273;i trao nh&#7919;ng c&#7863;p heo gi&#7889;ng cho gia &#273;&igrave;nh h&#7885;c sinh ngh&egrave;o.</span></p><p><span style=\'color: rgb(52, 58, 64); font-family: noto-serif, -apple-system, BlinkMacSystemFont, \"Segoe UI\", Roboto, \"Helvetica Neue\", Arial, sans-serif, \"Apple Color Emoji\", \"Segoe UI Emoji\", \"Segoe UI Symbol\", \"Noto Color Emoji\"; font-size: 18px; text-align: justify; background-color: rgb(238, 246, 248);\'>D&#7883;p n&agrave;y, t&#7893;ng kinh c&aacute;c nh&agrave; h&#7843;o t&acirc;m h&#7895; tr&#7907;, g&#7917;i g&#7855;m qua V&#259;n ph&ograve;ng &#272;&#7841;i di&#7879;n b&aacute;o Ti&#7873;n Phong &#7903; khu v&#7921;c T&acirc;y Nguy&ecirc;n &#273;&#7875; trao &#273;&#7871;n 44 h&#7885;c sinh ngh&egrave;o (22 em &#7903; huy&#7879;n Ia Grai, 20 em &#7903; huy&#7879;n &#272;&#7913;c C&#417;, 2 em &#7903; huy&#7879;n Ch&#432; S&ecirc;) l&agrave; 88 tri&#7879;u &#273;&#7891;ng (m&#7895;i em 2 tri&#7879;u &#273;&#7891;ng quy ra m&ocirc; h&igrave;nh sinh k&#7871;). C&#7909; th&#7875;: Cty C&#7893; ph&#7847;n Phong &#272;i&#7879;n Ia P&#7871;t &#272;ak &#272;oa s&#7889; M&#7897;t v&agrave; Hai 20 tri&#7879;u &#273;&#7891;ng; Nh&agrave; h&agrave;ng Chay - C&agrave; ph&ecirc; AN (&#7903; s&#7889; 146 &#273;&#432;&#7901;ng L&#432;&#417;ng Th&#7871; Vinh, ph&#432;&#7901;ng An Ph&uacute;, th&#7883; x&atilde; An Kh&ecirc;, Gia Lai) 20 tri&#7879;u &#273;&#7891;ng; Ph&ograve;ng C&#7843;nh s&aacute;t Giao th&ocirc;ng (C&ocirc;ng an t&#7881;nh Gia Lai) 10 tri&#7879;u &#273;&#7891;ng; em Hu&#7923;nh Quang Khi&ecirc;m 10 tri&#7879;u &#273;&#7891;ng; &ocirc;ng B&ugrave;i Quang Di&#7877;n 10 tri&#7879;u &#273;&#7891;ng;&nbsp;</span><a href=\"https://tienphong.vn/kinh-te/\" title=\"Ng&acirc;n h&agrave;ng\" style=\'color: rgb(165, 10, 2); background-color: rgb(238, 246, 248); transition: all 0.1s ease-in-out 0s; font-family: noto-serif, -apple-system, BlinkMacSystemFont, \"Segoe UI\", Roboto, \"Helvetica Neue\", Arial, sans-serif, \"Apple Color Emoji\", \"Segoe UI Emoji\", \"Segoe UI Symbol\", \"Noto Color Emoji\"; font-size: 18px; text-align: justify;\'>Ng&acirc;n h&agrave;ng</a><span style=\'color: rgb(52, 58, 64); font-family: noto-serif, -apple-system, BlinkMacSystemFont, \"Segoe UI\", Roboto, \"Helvetica Neue\", Arial, sans-serif, \"Apple Color Emoji\", \"Segoe UI Emoji\", \"Segoe UI Symbol\", \"Noto Color Emoji\"; font-size: 18px; text-align: justify; background-color: rgb(238, 246, 248);\'>&nbsp;Qu&acirc;n &#273;&#7897;i MB chi nh&aacute;nh t&#7881;nh Gia Lai 5 tri&#7879;u &#273;&#7891;ng; anh T 5 tri&#7879;u &#273;&#7891;ng; Thanh tra Giao th&ocirc;ng (S&#7903; GTVT t&#7881;nh Gia Lai) 4 tri&#7879;u &#273;&#7891;ng; b&agrave; Phan Th&#7883; Duy&ecirc;n (TP.Pleiku) 2 tri&#7879;u &#273;&#7891;ng; C&#417;m g&agrave; b&agrave; Ho&agrave; (s&#7889; 31 &#273;&#432;&#7901;ng Nguy&#7877;n V&#259;n Tr&#7895;i, TP.Pleiku) 2 tri&#7879;u &#273;&#7891;ng.</span><span style=\'color: rgb(59, 61, 63); font-family: arial, -apple-system, BlinkMacSystemFont, \"Segoe UI\", Roboto, \"Helvetica Neue\", Arial, sans-serif, \"Apple Color Emoji\", \"Segoe UI Emoji\", \"Segoe UI Symbol\", \"Noto Color Emoji\"; text-align: center;\'><br></span><span style=\'color: rgb(59, 61, 63); font-family: arial, -apple-system, BlinkMacSystemFont, \"Segoe UI\", Roboto, \"Helvetica Neue\", Arial, sans-serif, \"Apple Color Emoji\", \"Segoe UI Emoji\", \"Segoe UI Symbol\", \"Noto Color Emoji\"; text-align: center;\'><br></span></p><p><span style=\'color: rgb(59, 61, 63); font-family: arial, -apple-system, BlinkMacSystemFont, \"Segoe UI\", Roboto, \"Helvetica Neue\", Arial, sans-serif, \"Apple Color Emoji\", \"Segoe UI Emoji\", \"Segoe UI Symbol\", \"Noto Color Emoji\"; text-align: center;\'><br></span><span style=\'color: rgb(59, 61, 63); font-family: arial, -apple-system, BlinkMacSystemFont, \"Segoe UI\", Roboto, \"Helvetica Neue\", Arial, sans-serif, \"Apple Color Emoji\", \"Segoe UI Emoji\", \"Segoe UI Symbol\", \"Noto Color Emoji\"; text-align: center;\'><br></span><span style=\'color: rgb(59, 61, 63); font-family: arial, -apple-system, BlinkMacSystemFont, \"Segoe UI\", Roboto, \"Helvetica Neue\", Arial, sans-serif, \"Apple Color Emoji\", \"Segoe UI Emoji\", \"Segoe UI Symbol\", \"Noto Color Emoji\"; text-align: center;\'><br></span><span style=\'color: rgb(59, 61, 63); font-family: arial, -apple-system, BlinkMacSystemFont, \"Segoe UI\", Roboto, \"Helvetica Neue\", Arial, sans-serif, \"Apple Color Emoji\", \"Segoe UI Emoji\", \"Segoe UI Symbol\", \"Noto Color Emoji\"; text-align: center;\'><br></span><br></p>\n', 13, 31, '1717314162.jpeg', '2024-06-02 07:42:42', '2024-06-04 16:23:20');
INSERT INTO `articles` (`id`, `title`, `content`, `author_id`, `category_id`, `image`, `created_at`, `updated_at`) VALUES
(49, 'Ngành Công nghệ Ô tô số: mới những đầy \"ma lực\"!!!', '<?xml encoding=\"utf-8\" ?><?xml encoding=\"utf-8\" ?><?xml encoding=\"utf-8\" ?><?xml encoding=\"utf-8\" ?><?xml encoding=\"utf-8\" ?><?xml encoding=\"utf-8\" ?><h2 class=\"detail-sapo\" data-role=\"sapo\" style=\"margin-right: 0px; margin-bottom: 15px; margin-left: 0px; font-family: Inter; color: rgb(51, 51, 51); font-size: 18px; font-weight: 600; line-height: 26px;\">C&ocirc;ng ngh&#7879; &Ocirc; t&ocirc; s&#7889; (ASE &ndash; Automotive Software Engineering) l&agrave; ng&agrave;nh c&ocirc;ng ngh&#7879; m&#7899;i n&#7893;i c&oacute; t&#7889;c &#273;&#7897; ph&aacute;t tri&#7875;n nhanh ch&oacute;ng, li&ecirc;n quan &#273;&#7871;n vi&#7879;c ph&aacute;t tri&#7875;n, t&iacute;ch h&#7907;p ph&#7847;n m&#7873;m cho &ocirc; t&ocirc;.</h2><div class=\"detail-cmain\" style=\"color: rgb(51, 51, 51); font-family: Inter; font-size: 14px;\"><div class=\"detail-content afcbc-body\" data-role=\"content\" style=\"font-size: 16px; line-height: 24px; max-width: 100%; text-align: justify; margin-bottom: 15px;\"><h2 style=\"margin: 0.5em 0px; line-height: 33.6px; font-weight: 600; font-size: 24px !important;\">Ng&agrave;nh C&ocirc;ng ngh&#7879; &Ocirc; t&ocirc; s&#7889;: c&#417; h&#7897;i m&#7899;i cho c&aacute;c b&#7841;n tr&#7867;</h2><p style=\"margin: 0.5em 0px; font-size: 18px; line-height: 28.8px;\">Ng&agrave;nh c&ocirc;ng nghi&#7879;p &ocirc; t&ocirc; &#273;ang tr&#7843;i qua giai &#273;o&#7841;n chuy&#7875;n &#273;&#7893;i m&#7841;nh m&#7869; v&#7899;i s&#7921; ph&aacute;t tri&#7875;n c&#7911;a c&ocirc;ng ngh&#7879; s&#7889;. C&aacute;c ph&#432;&#417;ng ti&#7879;n giao th&ocirc;ng ng&agrave;y nay &#273;&#432;&#7907;c trang b&#7883; nhi&#7873;u h&#7879; th&#7889;ng &#273;i&#7879;n t&#7917;, ph&#7847;n m&#7873;m th&ocirc;ng minh, mang &#273;&#7871;n cho ng&#432;&#7901;i d&ugrave;ng nh&#7919;ng tr&#7843;i nghi&#7879;m l&aacute;i xe an to&agrave;n, ti&#7879;n nghi v&agrave; th&uacute; v&#7883; h&#417;n.&nbsp;</p><p style=\"margin: 0.5em 0px; font-size: 18px; line-height: 28.8px;\">N&#7855;m b&#7855;t &#273;&#432;&#7907;c xu h&#432;&#7899;ng ph&aacute;t tri&#7875;n c&#7911;a ng&agrave;nh, Tr&#432;&#7901;ng &#272;&#7841;i h&#7885;c FPT &#273;&atilde; ti&ecirc;n phong &#273;&agrave;o t&#7841;o ng&agrave;nh C&ocirc;ng ngh&#7879; &Ocirc; t&ocirc; s&#7889; (ASE) nh&#7857;m &#273;&aacute;p &#7913;ng nhu c&#7847;u ng&agrave;y c&agrave;ng cao v&#7873; ngu&#7891;n nh&acirc;n l&#7921;c ch&#7845;t l&#432;&#7907;ng cao cho l&#297;nh v&#7921;c n&agrave;y.</p><p style=\"margin: 0.5em 0px; font-size: 18px; line-height: 28.8px;\"><img src=\"http://localhost/biznews_rebuild/public/uploads/image/1717314397-665c235daac56.jpeg\" style=\"width: 100%;\" data-filename=\"screenshot-2024-06-02-124840-1717307325715179908038.png.jpeg\"></p><p style=\"margin: 0.5em 0px; font-size: 18px; line-height: 28.8px;\"><span style=\"color: rgb(72, 72, 72); font-size: 14px; font-style: italic; text-align: center;\">Sinh vi&ecirc;n &#272;&#7841;i h&#7885;c FPT v&#7899;i ng&agrave;nh C&ocirc;ng ngh&#7879; &Ocirc; t&ocirc; s&#7889;</span></p><p style=\"margin: 0.5em 0px; font-size: 18px; line-height: 28.8px;\">Ch&#432;&#417;ng tr&igrave;nh &#273;&agrave;o t&#7841;o chuy&ecirc;n ng&agrave;nh C&ocirc;ng ngh&#7879; &Ocirc; t&ocirc; s&#7889; (ASE &ndash; Automotive Software Engineering) t&#7841;i &#272;&#7841;i h&#7885;c FPT &#273;&#432;&#7907;c thi&#7871;t k&#7871; nh&#7857;m &#273;&aacute;p &#7913;ng nhu c&#7847;u nh&acirc;n l&#7921;c thi&#7871;t y&#7871;u trong ng&agrave;nh c&ocirc;ng nghi&#7879;p &ocirc; t&ocirc; v&agrave; h&#7879; th&#7889;ng nh&uacute;ng, trong b&#7889;i c&#7843;nh Ph&#7847;n m&#7873;m (software) &#273;&#432;&#7907;c xem l&agrave; nh&acirc;n t&#7889; ch&#7911; &#273;&#7841;o quy&#7871;t &#273;&#7883;nh to&agrave;n b&#7897; h&#7879; th&#7889;ng v&agrave; ph&#432;&#417;ng th&#7913;c v&#7853;n h&agrave;nh &#273;&#7889;i v&#7899;i &ocirc; t&ocirc; (SDV &ndash; Software-Defined Vehicle), &#273;&#7863;c bi&#7879;t trong giai &#273;o&#7841;n ph&aacute;t tri&#7875;n m&#7841;nh m&#7869; c&#7911;a xu h&#432;&#7899;ng &ocirc; t&ocirc; t&#7921; l&aacute;i v&agrave; c&aacute;c c&ocirc;ng ngh&#7879; &ocirc; t&ocirc; ti&ecirc;n ti&#7871;n.&nbsp;</p><div class=\"VCSortableInPreviewMode\" type=\"boxhighlight\" style=\"display: inline-block; flex-direction: column; margin: 0px auto 15px; position: relative; transition: all 0.3s ease-in-out 0s; width: 785.259px; visibility: visible; overflow-wrap: break-word; cursor: default; max-width: 100%;\"><div class=\"boxhighlight\" data-layout=\"type-1\" data-link=\"https://daihoc.fpt.edu.vn/hoc-nganh-cong-nghe-o-to-so-tai-truong-dh-fpt-mo-ra-canh-cua-den-tuong-lai-2/\" style=\"padding: 10px 15px; background-color: rgb(240, 241, 245); border-left: 3px solid rgb(204, 0, 0); border-radius: 3px;\"><div class=\"boxhighlight-content\" style=\"color: rgb(0, 0, 0); font-size: 15px; border-bottom: 1px solid rgb(217, 218, 222); padding-bottom: 15px;\">M&#7897;t s&#7889; &#273;i&#7875;m kh&aacute;c bi&#7879;t c&#7911;a chuy&ecirc;n ng&agrave;nh C&ocirc;ng ngh&#7879; &ocirc; t&ocirc; s&#7889; t&#7841;i tr&#432;&#7901;ng &#272;H FPT<br><br>Ch&#432;&#417;ng tr&igrave;nh &#273;&#432;&#7907;c thi&#7871;t k&#7871; tham kh&#7843;o khuy&#7871;n ngh&#7883; c&#7911;a Hi&#7879;p h&#7897;i M&aacute;y t&iacute;nh Hoa K&#7923; v&#7873; ch&#432;&#417;ng tr&igrave;nh &#273;&agrave;o t&#7841;o b&#7853;c &#273;&#7841;i h&#7885;c ng&agrave;nh C&ocirc;ng ngh&#7879; th&ocirc;ng tin ACM (Association for Computing Machinery), chu&#7849;n ki&#7875;m &#273;&#7883;nh AQAS (The Agency for Quality Assurance through Accreditation of Study Programs), ABET (Accreditation Board for Engineering and Technology) cho ch&#432;&#417;ng tr&igrave;nh &#273;&agrave;o t&#7841;o, s&aacute;ng ki&#7871;n CDIO cho x&acirc;y d&#7921;ng chu&#7849;n &#273;&#7847;u ra (learning outcome) c&#7911;a ch&#432;&#417;ng tr&igrave;nh &#273;&agrave;o t&#7841;o, v&agrave; ch&#432;&#417;ng tr&igrave;nh &#273;&agrave;o t&#7841;o b&#7853;c &#273;&#7841;i h&#7885;c c&aacute;c chuy&ecirc;n ng&agrave;nh v&#7873; h&#7879; th&#7889;ng &ocirc; t&ocirc; v&agrave; &#273;i&#7873;u khi&#7875;n c&#7911;a m&#7897;t s&#7889; tr&#432;&#7901;ng qu&#7889;c t&#7871; v&agrave; trong n&#432;&#7899;c.<br><br>Ch&#432;&#417;ng tr&igrave;nh tham kh&#7843;o &aacute;p d&#7909;ng Ti&ecirc;u chu&#7849;n qu&#7889;c t&#7871; v&#7873; an to&agrave;n ch&#7913;c n&#259;ng trong ng&agrave;nh c&ocirc;ng nghi&#7879;p s&#7843;n xu&#7845;t xe c&#417; gi&#7899;i (ISO 26262) c&#361;ng nh&#432; K&#7929; thu&#7853;t an ninh m&#7841;ng ng&agrave;nh &ocirc; t&ocirc; (ISO 21434).<br><br>H&#7885;c ng&agrave;nh c&ocirc;ng ngh&#7879; nh&#432;ng v&#7851;n &#273;&#432;&#7907;c trang b&#7883; 2 ngo&#7841;i ng&#7919;: Ngo&agrave;i ti&#7871;ng Anh, sinh vi&ecirc;n kh&#7889;i ng&agrave;nh C&ocirc;ng ngh&#7879; th&ocirc;ng tin &#273;&#432;&#7907;c h&#7885;c th&ecirc;m ng&ocirc;n ng&#7919; Nh&#7853;t. C&ocirc;ng ngh&#7879; &ocirc; t&ocirc; s&#7889; l&agrave; m&#7897;t ng&agrave;nh c&ocirc;ng nghi&#7879;p to&agrave;n c&#7847;u, v&#7899;i s&#7921; tham gia c&#7911;a nhi&#7873;u qu&#7889;c gia tr&ecirc;n th&#7871; gi&#7899;i.<br><br>Sinh vi&ecirc;n &#273;&#432;&#7907;c trang b&#7883; c&aacute;c ki&#7871;n th&#7913;c c&#417; b&#7843;n c&#7911;a ng&agrave;nh C&ocirc;ng ngh&#7879; th&ocirc;ng tin c&ugrave;ng c&aacute;c ph&#432;&#417;ng ph&aacute;p lu&#7853;n, c&ocirc;ng ngh&#7879; n&#7873;n t&#7843;ng v&agrave; chuy&ecirc;n s&acirc;u c&#7911;a chuy&ecirc;n ng&agrave;nh C&ocirc;ng ngh&#7879; &Ocirc; t&ocirc; s&#7889;, t&#7853;p trung ch&#7911; y&#7871;u v&agrave;o Ki&#7871;n tr&uacute;c ph&#7847;n m&#7873;m &ocirc; t&ocirc; (Autosar), h&#7879; th&#7889;ng nh&uacute;ng (embedded systems), l&#7853;p tr&igrave;nh v&agrave; thi&#7871;t k&#7871; h&#7879; th&#7889;ng th&ocirc;ng tin gi&#7843;i tr&iacute; tr&ecirc;n &ocirc; t&ocirc; (IVI).<br><br>V&#7899;i h&#7885;c k&#7923; \"On-the-Job Training\" (OJT) l&agrave; m&#7897;t ch&#432;&#417;ng tr&igrave;nh h&#7885;c t&#7853;p th&#7921;c t&#7871; d&agrave;nh cho sinh vi&ecirc;n tr&#432;&#7901;ng &#272;&#7841;i h&#7885;c FPT, sinh vi&ecirc;n s&#7869; l&agrave;m vi&#7879;c t&#7841;i doanh nghi&#7879;p c&oacute; li&ecirc;n k&#7871;t v&#7899;i nh&agrave; tr&#432;&#7901;ng t&#7915; 4 &ndash; 8. &#272;&acirc;y l&agrave; c&#417; h&#7897;i qu&yacute; gi&aacute; &#273;&#7875; sinh vi&ecirc;n &aacute;p d&#7909;ng ki&#7871;n th&#7913;c v&agrave; k&#7929; n&#259;ng &#273;&atilde; h&#7885;c v&agrave;o th&#7921;c t&#7871;, &#273;&#7891;ng th&#7901;i t&iacute;ch l&#361;y kinh nghi&#7879;m l&agrave;m vi&#7879;c v&agrave; &#273;&#7883;nh h&#432;&#7899;ng t&#432;&#417;ng lai cho b&#7843;n th&acirc;n.</div><a class=\"boxhighlight-link no-anchor-preview\" href=\"https://daihoc.fpt.edu.vn/hoc-nganh-cong-nghe-o-to-so-tai-truong-dh-fpt-mo-ra-canh-cua-den-tuong-lai-2/\" target=\"_blank\" rel=\"nofollow\" style=\"display: flex; justify-content: flex-end; border-top: 1px solid rgb(255, 255, 255); padding-top: 5px; font-size: 14px; color: rgb(102, 102, 102) !important;\">https://daihoc.fpt.edu.vn/hoc-nganh-c...</a></div></div><p style=\"margin: 0.5em 0px; font-size: 18px; line-height: 28.8px;\">Hi&#7879;n nay, nhu c&#7847;u ngu&#7891;n lao &#273;&#7897;ng trong l&#297;nh v&#7921;c c&ocirc;ng ngh&#7879; &ocirc; t&ocirc; s&#7889; c&#361;ng &#273;ang ph&aacute;t tri&#7875;n ng&agrave;y c&agrave;ng cao, c&aacute;c tr&#432;&#7901;ng &#273;&#7841;i h&#7885;c c&#361;ng n&#7855;m b&#7855;t &#273;&#432;&#7907;c xu h&#432;&#7899;ng n&agrave;y &#273;&#7875; c&oacute; th&#7875; &#273;&agrave;o t&#7841;o, &#273;&aacute;p &#7913;ng nhu c&#7847;u ngu&#7891;n nh&acirc;n l&#7921;c ch&#7845;t l&#432;&#7907;ng cho l&#297;nh v&#7921;c &#273;&#7847;y h&#7845;p d&#7851;n. C&#7909; th&#7875;, Tr&#432;&#7901;ng &#272;&#7841;i h&#7885;c FPT h&#7907;p t&aacute;c FPT Automotive m&#7903; chuy&ecirc;n ng&agrave;nh C&ocirc;ng ngh&#7879; &ocirc; t&ocirc; s&#7889; (ASE &ndash; Automotive Software Engineering).</p><p style=\"margin: 0.5em 0px; font-size: 18px; line-height: 28.8px;\">V&#7899;i th&#7871; m&#7841;nh 10 n&#259;m ho&#7841;t &#273;&#7897;ng trong ng&agrave;nh c&ocirc;ng nghi&#7879;p &ocirc; t&ocirc; s&#7889;,&nbsp;FPT c&#361;ng s&#7903; h&#7919;u &#273;&#7897;i ng&#361; h&#417;n 4.000 chuy&ecirc;n gia gi&agrave;u kinh nghi&#7879;m v&#7873; &ocirc;t&ocirc;, h&#7879; th&#7889;ng nh&uacute;ng. &#272;&acirc;y c&#361;ng l&agrave; b&#432;&#7899;c t&#7841;o &#273;&agrave; cho vi&#7879;c k&#7923; v&#7885;ng &#273;&#7847;u t&#432; &#273;&#7849;y m&#7841;nh s&#7889; l&#432;&#7907;ng v&agrave; ch&#7845;t l&#432;&#7907;ng ngu&#7891;n nh&acirc;n l&#7921;c cho ng&agrave;nh, hi&#7879;n th&#7921;c h&oacute;a chi&#7871;n l&#432;&#7907;c ph&aacute;t tri&#7875;n trong t&#432;&#417;ng lai. Vi&#7879;c th&agrave;nh l&#7853;p chuy&ecirc;n ng&agrave;nh &#273;&#7841;i h&#7885;c m&#7899;i t&#7841;i tr&#432;&#7901;ng &#272;&#7841;i h&#7885;c FPT s&#7869; gi&uacute;p sinh vi&ecirc;n &#273;&#432;&#7907;c trang b&#7883; ki&#7871;n th&#7913;c v&agrave; k&#7929; n&#259;ng th&#7921;c ti&#7877;n; c&oacute; c&#417; h&#7897;i l&agrave;m vi&#7879;c trong nhi&#7873;u d&#7921; &aacute;n c&#7911;a c&ocirc;ng ty tr&ecirc;n to&agrave;n c&#7847;u sau khi t&#7889;t nghi&#7879;p.</p><p style=\"margin: 0.5em 0px; font-size: 18px; line-height: 28.8px;\">C&oacute; th&#7875; n&oacute;i, ng&agrave;nh C&ocirc;ng ngh&#7879; &Ocirc; t&ocirc; s&#7889; l&agrave; m&#7897;t ng&agrave;nh m&#7899;i. V&#7899;i c&#417; h&#7897;i h&#7885;c t&#7853;p trong l&#297;nh v&#7921;c &Ocirc; t&ocirc; s&#7889; s&#7869; m&#7903; ra m&#7897;t t&#432;&#417;ng lai tri&#7875;n v&#7885;ng cho c&aacute;c b&#7841;n sinh vi&ecirc;n. &#272;&#7863;c bi&#7879;t, trong xu th&#7871; ph&aacute;t tri&#7875;n s&#7889; h&oacute;a c&aacute;c ng&agrave;nh ngh&#7873;, trong &#273;&oacute; c&oacute; c&aacute;c ng&agrave;nh c&ocirc;ng nghi&#7879;p. B&ecirc;n c&#7841;nh &#273;&oacute;, m&ocirc;i tr&#432;&#7901;ng l&agrave;m vi&#7879;c l&#297;nh v&#7921;c c&ocirc;ng ngh&#7879; s&#7889; c&#361;ng gi&uacute;p c&aacute;c b&#7841;n tr&#7867; ph&aacute;t huy s&#7921; s&aacute;ng t&#7841;o, nghi&ecirc;n c&#7913;u, t&igrave;m t&ograve;i &#273;&#7875; t&#7841;o ra nh&#7919;ng gi&aacute; tr&#7883; h&#7919;u &iacute;ch cho x&atilde; h&#7897;i. M&#7897;t m&ocirc;i tr&#432;&#7901;ng &#273;&ograve;i h&#7887;i ng&#432;&#7901;i tham gia ph&#7843;i kh&ocirc;ng ng&#7915;ng h&#7885;c h&#7887;i, r&egrave;n luy&#7879;n v&agrave; s&#7861;n s&agrave;ng &#273;&oacute;n nh&#7853;n nh&#7919;ng th&aacute;ch th&#7913;c. &#272;&acirc;y ch&iacute;nh l&agrave; tri&#7875;n v&#7885;ng v&agrave; c&#417; h&#7897;i &#273;&#7875; c&aacute;c b&#7841;n tr&#7867; &#273;&oacute;ng g&oacute;p gi&aacute; tr&#7883; c&#7911;a m&igrave;nh v&agrave;o s&#7921; ph&aacute;t tri&#7875;n c&#7911;a &#273;&#7845;t n&#432;&#7899;c.</p><p style=\"margin: 0.5em 0px; font-size: 18px; line-height: 28.8px;\"><br></p></div></div>\n', 13, 37, '1717517132.jpeg', '2024-06-02 07:46:37', '2024-06-05 00:26:10');

-- --------------------------------------------------------

--
-- Table structure for table `article_images`
--

CREATE TABLE `article_images` (
  `article_id` int NOT NULL,
  `image_id` int NOT NULL
) ENGINE=InnoDB DEFAULT CHARSET=utf8mb4 COLLATE=utf8mb4_0900_ai_ci;

--
-- Dumping data for table `article_images`
--

INSERT INTO `article_images` (`article_id`, `image_id`) VALUES
(45, 3),
(46, 4),
(47, 5),
(47, 6),
(48, 8),
(48, 9),
(48, 10),
(48, 11),
(48, 12),
(48, 13),
(48, 14),
(48, 15),
(48, 16),
(49, 17);

-- --------------------------------------------------------

--
-- Table structure for table `article_likes`
--

CREATE TABLE `article_likes` (
  `id` int NOT NULL,
  `article_id` int DEFAULT NULL,
  `user_id` int DEFAULT NULL,
  `liked_at` timestamp NULL DEFAULT CURRENT_TIMESTAMP
) ENGINE=InnoDB DEFAULT CHARSET=utf8mb4 COLLATE=utf8mb4_0900_ai_ci;

-- --------------------------------------------------------

--
-- Table structure for table `article_tags`
--

CREATE TABLE `article_tags` (
  `article_id` int NOT NULL,
  `tag_id` int NOT NULL
) ENGINE=InnoDB DEFAULT CHARSET=utf8mb4 COLLATE=utf8mb4_0900_ai_ci;

-- --------------------------------------------------------

--
-- Table structure for table `article_views`
--

CREATE TABLE `article_views` (
  `id` int NOT NULL,
  `article_id` int DEFAULT NULL,
  `view_count` int DEFAULT '0',
  `last_viewed_at` timestamp NULL DEFAULT CURRENT_TIMESTAMP
) ENGINE=InnoDB DEFAULT CHARSET=utf8mb4 COLLATE=utf8mb4_0900_ai_ci;

--
-- Dumping data for table `article_views`
--

INSERT INTO `article_views` (`id`, `article_id`, `view_count`, `last_viewed_at`) VALUES
(27, 45, 2, '2024-06-02 12:38:36'),
(28, 49, 26, '2024-06-02 12:38:43'),
(29, 47, 4, '2024-06-02 12:38:49'),
(30, 46, 0, '2024-06-02 12:38:54'),
(31, 48, 14, '2024-06-02 12:39:00');

-- --------------------------------------------------------

--
-- Table structure for table `categories`
--

CREATE TABLE `categories` (
  `id` int NOT NULL,
  `name` varchar(100) NOT NULL,
  `description` text,
  `created_at` timestamp NULL DEFAULT CURRENT_TIMESTAMP,
  `updated_at` timestamp NULL DEFAULT CURRENT_TIMESTAMP ON UPDATE CURRENT_TIMESTAMP
) ENGINE=InnoDB DEFAULT CHARSET=utf8mb4 COLLATE=utf8mb4_0900_ai_ci;

--
-- Dumping data for table `categories`
--

INSERT INTO `categories` (`id`, `name`, `description`, `created_at`, `updated_at`) VALUES
(6, 'Thể thao', 'Các tin tức về thể thao', '2024-05-29 06:42:13', '2024-05-29 07:30:08'),
(30, 'Kinh tế', 'Các tin tức kinh tế', '2024-06-02 07:03:54', '2024-06-02 07:03:54'),
(31, 'Xã hội', 'Các tin tức về xã hội', '2024-06-02 07:04:32', '2024-06-02 07:04:32'),
(32, 'Du lịch', 'Các tin tức về du lịch', '2024-06-02 07:04:50', '2024-06-02 07:04:50'),
(33, 'Giải trí', 'Các tin tức về giải trí', '2024-06-02 07:05:11', '2024-06-02 07:05:11'),
(34, 'Thời tiết', 'Các tin tức về thời tiết', '2024-06-02 07:05:32', '2024-06-02 07:05:32'),
(35, 'Quốc tế', 'Các tin tức ngoài nước', '2024-06-02 07:23:50', '2024-06-02 07:23:50'),
(37, 'Công nghệ', 'Các tin tức về công nghệ', '2024-06-05 00:25:45', '2024-06-05 00:51:40');

-- --------------------------------------------------------

--
-- Table structure for table `comments`
--

CREATE TABLE `comments` (
  `id` int NOT NULL,
  `article_id` int DEFAULT NULL,
  `user_id` int DEFAULT NULL,
  `content` text NOT NULL,
  `created_at` timestamp NULL DEFAULT CURRENT_TIMESTAMP,
  `updated_at` timestamp NULL DEFAULT CURRENT_TIMESTAMP ON UPDATE CURRENT_TIMESTAMP
) ENGINE=InnoDB DEFAULT CHARSET=utf8mb4 COLLATE=utf8mb4_0900_ai_ci;

--
-- Dumping data for table `comments`
--

INSERT INTO `comments` (`id`, `article_id`, `user_id`, `content`, `created_at`, `updated_at`) VALUES
(11, 45, 13, 'thử nghiệm1', '2024-06-02 10:49:19', '2024-06-02 10:49:19'),
(12, 45, 13, 'thử nghiệm 2', '2024-06-02 10:49:19', '2024-06-02 10:49:19'),
(13, 45, NULL, 'thử 3', '2024-06-02 10:51:08', '2024-06-02 10:51:08'),
(14, 49, 13, 'thử', '2024-06-02 11:26:43', '2024-06-02 11:26:43'),
(15, 49, 13, 'thử', '2024-06-02 11:27:20', '2024-06-02 11:27:20'),
(16, 49, 13, 'thử 12', '2024-06-02 11:29:35', '2024-06-02 11:29:35'),
(17, 49, 13, 'thử 123', '2024-06-02 11:32:55', '2024-06-02 11:32:55'),
(18, 49, 13, 'thử111', '2024-06-02 11:33:21', '2024-06-02 11:33:21'),
(19, 49, 13, 'thử9', '2024-06-02 11:36:43', '2024-06-02 11:36:43'),
(20, 49, 13, 'thử', '2024-06-02 11:39:38', '2024-06-02 11:39:38'),
(21, 49, 13, 'thử111', '2024-06-02 11:49:33', '2024-06-02 11:49:33'),
(22, 49, 13, 'thử9122', '2024-06-02 11:50:22', '2024-06-02 11:50:22'),
(23, 49, 13, 'thử111212', '2024-06-02 11:50:31', '2024-06-02 11:50:31'),
(24, 49, 13, 'dffdf', '2024-06-02 11:58:58', '2024-06-02 11:58:58'),
(25, 49, 13, 'ádsadasd', '2024-06-02 11:59:28', '2024-06-02 11:59:28'),
(26, 49, 13, 'thưeweewew', '2024-06-02 12:35:15', '2024-06-02 12:35:15'),
(27, 47, 13, 'thử nghiệm1', '2024-06-02 12:36:55', '2024-06-02 12:36:55'),
(28, 48, NULL, 'thử', '2024-06-03 08:00:01', '2024-06-03 08:00:01'),
(29, 48, 16, 'thử 12345678', '2024-06-05 00:21:41', '2024-06-05 00:21:41');

-- --------------------------------------------------------

--
-- Table structure for table `images`
--

CREATE TABLE `images` (
  `id` int NOT NULL,
  `file_name` varchar(255) NOT NULL,
  `file_path` varchar(255) NOT NULL,
  `created_at` timestamp NULL DEFAULT CURRENT_TIMESTAMP
) ENGINE=InnoDB DEFAULT CHARSET=utf8mb4 COLLATE=utf8mb4_0900_ai_ci;

--
-- Dumping data for table `images`
--

INSERT INTO `images` (`id`, `file_name`, `file_path`, `created_at`) VALUES
(3, '1717312205-665c1acd823d6.png', 'http://localhost/biznews_rebuild/public/uploads/image/1717312205-665c1acd823d6.png', '2024-06-02 07:10:05'),
(4, '1717312885-665c1d7530590.jpeg', 'http://localhost/biznews_rebuild/public/uploads/image/1717312885-665c1d7530590.jpeg', '2024-06-02 07:21:25'),
(5, '1717313288-665c1f0825811.jpeg', 'http://localhost/biznews_rebuild/public/uploads/image/1717313288-665c1f0825811.jpeg', '2024-06-02 07:28:08'),
(6, '1717313288-665c1f08266a0.jpeg', 'http://localhost/biznews_rebuild/public/uploads/image/1717313288-665c1f08266a0.jpeg', '2024-06-02 07:28:08'),
(8, '1717314162-665c22727a4ad.jpeg', 'http://localhost/biznews_rebuild/public/uploads/image/1717314162-665c22727a4ad.jpeg', '2024-06-02 07:42:42'),
(9, '1717314162-665c22727aa32.jpeg', 'http://localhost/biznews_rebuild/public/uploads/image/1717314162-665c22727aa32.jpeg', '2024-06-02 07:42:42'),
(10, '1717314162-665c22727b4ae.jpeg', 'http://localhost/biznews_rebuild/public/uploads/image/1717314162-665c22727b4ae.jpeg', '2024-06-02 07:42:42'),
(11, '1717314162-665c22727bd86.jpeg', 'http://localhost/biznews_rebuild/public/uploads/image/1717314162-665c22727bd86.jpeg', '2024-06-02 07:42:42'),
(12, '1717314162-665c22727c2f7.jpeg', 'http://localhost/biznews_rebuild/public/uploads/image/1717314162-665c22727c2f7.jpeg', '2024-06-02 07:42:42'),
(13, '1717314162-665c22727c7ff.jpeg', 'http://localhost/biznews_rebuild/public/uploads/image/1717314162-665c22727c7ff.jpeg', '2024-06-02 07:42:42'),
(14, '1717314162-665c22727ce16.jpeg', 'http://localhost/biznews_rebuild/public/uploads/image/1717314162-665c22727ce16.jpeg', '2024-06-02 07:42:42'),
(15, '1717314162-665c22727d5b1.jpeg', 'http://localhost/biznews_rebuild/public/uploads/image/1717314162-665c22727d5b1.jpeg', '2024-06-02 07:42:42'),
(16, '1717314162-665c22727db6d.jpeg', 'http://localhost/biznews_rebuild/public/uploads/image/1717314162-665c22727db6d.jpeg', '2024-06-02 07:42:42'),
(17, '1717314397-665c235daac56.jpeg', 'http://localhost/biznews_rebuild/public/uploads/image/1717314397-665c235daac56.jpeg', '2024-06-02 07:46:37'),
(21, '1717518832-665f41f047d80.png', 'http://localhost/biznews_rebuild/public//uploads/image/1717518832-665f41f047d80.png', '2024-06-04 16:33:52');

-- --------------------------------------------------------

--
-- Table structure for table `password_resets`
--

CREATE TABLE `password_resets` (
  `id` int NOT NULL,
  `email` varchar(255) NOT NULL,
  `token` varchar(255) NOT NULL,
  `expires` bigint NOT NULL,
  `created_at` timestamp NULL DEFAULT CURRENT_TIMESTAMP
) ENGINE=InnoDB DEFAULT CHARSET=utf8mb4 COLLATE=utf8mb4_0900_ai_ci;

-- --------------------------------------------------------

--
-- Table structure for table `settings`
--

CREATE TABLE `settings` (
  `id` int NOT NULL,
  `setting_key` varchar(100) NOT NULL,
  `setting_value` text NOT NULL,
  `updated_at` timestamp NULL DEFAULT CURRENT_TIMESTAMP ON UPDATE CURRENT_TIMESTAMP
) ENGINE=InnoDB DEFAULT CHARSET=utf8mb4 COLLATE=utf8mb4_0900_ai_ci;

--
-- Dumping data for table `settings`
--

INSERT INTO `settings` (`id`, `setting_key`, `setting_value`, `updated_at`) VALUES
(1, 'site_name', 'Trang tin tức của tôi', '2024-05-25 07:42:51'),
(2, 'site_description', 'Trang web tin tức cập nhật liên tục', '2024-05-25 07:42:51'),
(3, 'contact_email', 'contact@example.com', '2024-05-25 07:42:51');

-- --------------------------------------------------------

--
-- Table structure for table `tags`
--

CREATE TABLE `tags` (
  `id` int NOT NULL,
  `name` varchar(100) NOT NULL,
  `created_at` timestamp NULL DEFAULT CURRENT_TIMESTAMP,
  `updated_at` timestamp NULL DEFAULT CURRENT_TIMESTAMP ON UPDATE CURRENT_TIMESTAMP
) ENGINE=InnoDB DEFAULT CHARSET=utf8mb4 COLLATE=utf8mb4_0900_ai_ci;

--
-- Dumping data for table `tags`
--

INSERT INTO `tags` (`id`, `name`, `created_at`, `updated_at`) VALUES
(1, 'Bóng đá', '2024-05-25 07:42:50', '2024-05-25 07:42:50'),
(2, 'Phim ảnh', '2024-05-25 07:42:50', '2024-05-25 07:42:50'),
(3, 'Khởi nghiệp', '2024-05-25 07:42:50', '2024-05-25 07:42:50'),
(4, 'AI', '2024-05-25 07:42:50', '2024-05-25 07:42:50'),
(5, 'Covid-19', '2024-05-25 07:42:50', '2024-05-25 07:42:50'),
(6, 'Thời trang', '2024-05-25 07:42:50', '2024-05-25 07:42:50'),
(7, 'Giáo dục', '2024-05-25 07:42:50', '2024-05-25 07:42:50'),
(8, 'Môi trường', '2024-05-25 07:42:50', '2024-05-25 07:42:50'),
(9, 'Ẩm thực', '2024-05-25 07:42:50', '2024-05-25 07:42:50'),
(10, 'Du lịch', '2024-05-25 07:42:50', '2024-05-25 07:42:50');

-- --------------------------------------------------------

--
-- Table structure for table `users`
--

CREATE TABLE `users` (
  `id` int NOT NULL,
  `username` varchar(50) NOT NULL,
  `password_hash` varchar(255) NOT NULL,
  `email` varchar(100) NOT NULL,
  `full_name` varchar(100) DEFAULT NULL,
  `role` enum('admin','editor','user') DEFAULT 'user',
  `avatar` varchar(100) CHARACTER SET utf8mb4 COLLATE utf8mb4_0900_ai_ci DEFAULT NULL,
  `created_at` timestamp NULL DEFAULT CURRENT_TIMESTAMP,
  `updated_at` timestamp NULL DEFAULT CURRENT_TIMESTAMP ON UPDATE CURRENT_TIMESTAMP
) ENGINE=InnoDB DEFAULT CHARSET=utf8mb4 COLLATE=utf8mb4_0900_ai_ci;

--
-- Dumping data for table `users`
--

INSERT INTO `users` (`id`, `username`, `password_hash`, `email`, `full_name`, `role`, `avatar`, `created_at`, `updated_at`) VALUES
(13, 'admin', '$argon2id$v=19$m=65536,t=4,p=1$b2F4SUJYY0Izejh5dFZTNg$ZTYsm3xTazFepsDGxR1vhdumnpCz47OUpsAdQ7To+b0', 'admin@gmail.com', 'Admin', 'admin', '1717548640.jpg', '2024-06-01 22:32:59', '2024-06-05 00:50:40'),
(16, 'lolicon', '$argon2id$v=19$m=65536,t=4,p=1$RElpbFNjTTl0ejJCUGhQLw$uXJsT94/NOZUmslBjLmx3TJ87UsM7nB/+7OsZ/GA2Hw', 'loli@gmail.com', 'loli', 'editor', '1717491330.png', '2024-06-04 08:55:30', '2024-06-04 10:44:16');

--
-- Indexes for dumped tables
--

--
-- Indexes for table `articles`
--
ALTER TABLE `articles`
  ADD PRIMARY KEY (`id`),
  ADD KEY `author_id` (`author_id`),
  ADD KEY `articles_fk_category` (`category_id`);

--
-- Indexes for table `article_images`
--
ALTER TABLE `article_images`
  ADD PRIMARY KEY (`article_id`,`image_id`),
  ADD KEY `image_id` (`image_id`);

--
-- Indexes for table `article_likes`
--
ALTER TABLE `article_likes`
  ADD PRIMARY KEY (`id`),
  ADD KEY `article_id` (`article_id`),
  ADD KEY `user_id` (`user_id`);

--
-- Indexes for table `article_tags`
--
ALTER TABLE `article_tags`
  ADD PRIMARY KEY (`article_id`,`tag_id`),
  ADD KEY `tag_id` (`tag_id`);

--
-- Indexes for table `article_views`
--
ALTER TABLE `article_views`
  ADD PRIMARY KEY (`id`),
  ADD KEY `article_id` (`article_id`);

--
-- Indexes for table `categories`
--
ALTER TABLE `categories`
  ADD PRIMARY KEY (`id`),
  ADD UNIQUE KEY `name` (`name`);

--
-- Indexes for table `comments`
--
ALTER TABLE `comments`
  ADD PRIMARY KEY (`id`),
  ADD KEY `article_id` (`article_id`),
  ADD KEY `user_id` (`user_id`);

--
-- Indexes for table `images`
--
ALTER TABLE `images`
  ADD PRIMARY KEY (`id`);

--
-- Indexes for table `password_resets`
--
ALTER TABLE `password_resets`
  ADD PRIMARY KEY (`id`);

--
-- Indexes for table `settings`
--
ALTER TABLE `settings`
  ADD PRIMARY KEY (`id`),
  ADD UNIQUE KEY `setting_key` (`setting_key`);

--
-- Indexes for table `tags`
--
ALTER TABLE `tags`
  ADD PRIMARY KEY (`id`),
  ADD UNIQUE KEY `name` (`name`);

--
-- Indexes for table `users`
--
ALTER TABLE `users`
  ADD PRIMARY KEY (`id`),
  ADD UNIQUE KEY `username` (`username`),
  ADD UNIQUE KEY `email` (`email`);

--
-- AUTO_INCREMENT for dumped tables
--

--
-- AUTO_INCREMENT for table `articles`
--
ALTER TABLE `articles`
  MODIFY `id` int NOT NULL AUTO_INCREMENT, AUTO_INCREMENT=52;

--
-- AUTO_INCREMENT for table `article_likes`
--
ALTER TABLE `article_likes`
  MODIFY `id` int NOT NULL AUTO_INCREMENT, AUTO_INCREMENT=21;

--
-- AUTO_INCREMENT for table `article_views`
--
ALTER TABLE `article_views`
  MODIFY `id` int NOT NULL AUTO_INCREMENT, AUTO_INCREMENT=33;

--
-- AUTO_INCREMENT for table `categories`
--
ALTER TABLE `categories`
  MODIFY `id` int NOT NULL AUTO_INCREMENT, AUTO_INCREMENT=38;

--
-- AUTO_INCREMENT for table `comments`
--
ALTER TABLE `comments`
  MODIFY `id` int NOT NULL AUTO_INCREMENT, AUTO_INCREMENT=30;

--
-- AUTO_INCREMENT for table `images`
--
ALTER TABLE `images`
  MODIFY `id` int NOT NULL AUTO_INCREMENT, AUTO_INCREMENT=22;

--
-- AUTO_INCREMENT for table `password_resets`
--
ALTER TABLE `password_resets`
  MODIFY `id` int NOT NULL AUTO_INCREMENT;

--
-- AUTO_INCREMENT for table `settings`
--
ALTER TABLE `settings`
  MODIFY `id` int NOT NULL AUTO_INCREMENT, AUTO_INCREMENT=4;

--
-- AUTO_INCREMENT for table `tags`
--
ALTER TABLE `tags`
  MODIFY `id` int NOT NULL AUTO_INCREMENT, AUTO_INCREMENT=11;

--
-- AUTO_INCREMENT for table `users`
--
ALTER TABLE `users`
  MODIFY `id` int NOT NULL AUTO_INCREMENT, AUTO_INCREMENT=17;

--
-- Constraints for dumped tables
--

--
-- Constraints for table `articles`
--
ALTER TABLE `articles`
  ADD CONSTRAINT `articles_fk_category` FOREIGN KEY (`category_id`) REFERENCES `categories` (`id`) ON DELETE RESTRICT,
  ADD CONSTRAINT `articles_ibfk_1` FOREIGN KEY (`author_id`) REFERENCES `users` (`id`) ON DELETE SET NULL;

--
-- Constraints for table `article_images`
--
ALTER TABLE `article_images`
  ADD CONSTRAINT `article_images_ibfk_1` FOREIGN KEY (`article_id`) REFERENCES `articles` (`id`) ON DELETE CASCADE,
  ADD CONSTRAINT `article_images_ibfk_2` FOREIGN KEY (`image_id`) REFERENCES `images` (`id`) ON DELETE CASCADE;

--
-- Constraints for table `article_likes`
--
ALTER TABLE `article_likes`
  ADD CONSTRAINT `article_likes_ibfk_1` FOREIGN KEY (`article_id`) REFERENCES `articles` (`id`) ON DELETE CASCADE,
  ADD CONSTRAINT `article_likes_ibfk_2` FOREIGN KEY (`user_id`) REFERENCES `users` (`id`) ON DELETE CASCADE;

--
-- Constraints for table `article_tags`
--
ALTER TABLE `article_tags`
  ADD CONSTRAINT `article_tags_ibfk_1` FOREIGN KEY (`article_id`) REFERENCES `articles` (`id`) ON DELETE CASCADE,
  ADD CONSTRAINT `article_tags_ibfk_2` FOREIGN KEY (`tag_id`) REFERENCES `tags` (`id`) ON DELETE CASCADE;

--
-- Constraints for table `article_views`
--
ALTER TABLE `article_views`
  ADD CONSTRAINT `article_views_ibfk_1` FOREIGN KEY (`article_id`) REFERENCES `articles` (`id`) ON DELETE CASCADE;

--
-- Constraints for table `comments`
--
ALTER TABLE `comments`
  ADD CONSTRAINT `comments_ibfk_1` FOREIGN KEY (`article_id`) REFERENCES `articles` (`id`) ON DELETE CASCADE,
  ADD CONSTRAINT `comments_ibfk_2` FOREIGN KEY (`user_id`) REFERENCES `users` (`id`) ON DELETE SET NULL;
COMMIT;

/*!40101 SET CHARACTER_SET_CLIENT=@OLD_CHARACTER_SET_CLIENT */;
/*!40101 SET CHARACTER_SET_RESULTS=@OLD_CHARACTER_SET_RESULTS */;
/*!40101 SET COLLATION_CONNECTION=@OLD_COLLATION_CONNECTION */;
